,0,1,2,3,4,5,6,7,8
0,0,0.23685,0.91636,0.11175,3,-54.5,0.99862,920.75,4
1,3.25,0.29548,1.0886,0.12315,3,-62.5,4.151,922.25,1
2,4,0.44791,0.91636,-0.25315,1,-65,5.5131,922.75,1
3,4.3,0.44791,0.91636,-0.25315,3,-59,1.6981,921.75,1
4,4.55,0.44791,0.91636,-0.25315,3,-58.5,1.2379,924.25,1
5,4.75,0.44791,0.91636,-0.25315,3,-59.5,5.9472,925.75,1
6,5,0.54171,0.45703,-0.76628,3,-59,0.60899,920.75,1
7,7.5,1.1514,-0.025263,-0.18473,3,-60.5,0.049087,921.25,3
8,8,1.339,-0.12861,-0.19613,3,-61.5,1.3162,923.75,3
9,8.25,1.339,-0.12861,-0.19613,3,-63,0.14573,925.25,3
10,9,1.0107,-0.048229,-0.093505,3,-60,0.55837,924.75,3
11,9.25,1.0107,-0.048229,-0.093505,3,-59.5,5.8153,921.75,3
12,10,1.0694,-0.094162,-0.082102,3,-59,5.9457,921.25,3
13,10.25,1.0694,-0.094162,-0.082102,3,-60.5,0.50928,920.25,3
14,10.75,1.0576,-0.082679,-0.03649,3,-59.5,5.5423,922.25,3
15,11,1.0576,-0.082679,-0.03649,3,-60.5,1.6966,923.25,3
16,11.5,1.0576,-0.082679,-0.03649,3,-62,0.82988,924.75,3
17,12,1.0576,-0.082679,-0.03649,2,-59,0.59365,924.25,3
18,12.75,1.3039,-0.20899,0.10035,3,-61.5,1.422,923.75,3
19,13.25,1.3039,-0.20899,0.10035,3,-61.5,2.3347,922.25,3
20,13.75,1.3039,-0.20899,0.10035,3,-61,2.1138,922.75,3
21,14.5,1.2101,-0.19751,0.043332,2,-59,5.5239,925.75,3
22,15,1.2101,-0.19751,0.043332,2,-57,2.0448,921.25,3
23,15.75,1.1397,-0.15158,0.020525,3,-62,0.35588,925.25,3
24,16.75,1.1514,-0.15158,-0.0022806,3,-61.5,0.033748,925.75,3
25,17.25,1.1514,-0.15158,-0.0022806,3,-61,0.23623,920.75,3
26,17.5,1.1514,-0.15158,-0.0022806,3,-61.5,0.52462,920.25,3
27,18.25,1.0576,-0.071196,-0.047893,2,-58.5,5.7233,925.25,3
28,18.5,1.0576,-0.071196,-0.047893,3,-60.5,5.1266,922.75,3
29,19.5,1.339,-0.20899,0.066138,2,-59,5.4456,925.75,3
30,19.75,1.339,-0.20899,0.066138,3,-60.5,6.1405,921.25,3
31,20.5,1.0811,-0.082679,-0.047893,3,-60,5.4027,922.25,3
32,21.25,1.1514,-0.11713,-0.013684,3,-60.5,2.7397,921.75,3
33,21.5,1.1514,-0.11713,-0.013684,3,-60,1.0677,924.25,3
34,22.5,1.339,-0.20899,0.066138,3,-60,1.33,923.75,3
35,23.25,1.339,-0.19751,0.054735,3,-60,1.6644,923.25,3
36,23.5,1.339,-0.19751,0.054735,3,-60.5,0.63967,924.75,3
37,23.75,1.339,-0.19751,0.054735,3,-60.5,2.709,921.75,3
38,24,1.339,-0.19751,0.054735,3,-60,1.06,924.25,3
39,24.5,1.339,-0.19751,0.054735,3,-61,0.29452,920.75,3
40,25,1.3156,-0.20899,0.054735,3,-60,1.3775,923.75,3
41,25.25,1.3156,-0.20899,0.054735,3,-60.5,2.3623,922.25,3
42,25.5,1.3156,-0.20899,0.054735,2,-58.5,5.6635,925.25,3
43,25.75,1.3156,-0.20899,0.054735,3,-60,1.6858,923.25,3
44,26,1.3156,-0.20899,0.054735,2,-58.5,5.9472,924.75,3
45,26.25,1.3156,-0.20899,0.054735,3,-60.5,5.8567,921.75,3
46,27,1.3039,-0.20899,0.054735,3,-61,0.32674,920.75,3
47,27.25,1.3039,-0.20899,0.054735,3,-61,6.2065,921.25,3
48,27.5,1.3039,-0.20899,0.054735,3,-60,1.4159,923.75,3
49,28.25,1.128,-0.10565,-0.013684,3,-60,4.8152,923.25,3
50,28.5,1.128,-0.10565,-0.013684,3,-60.5,0.64427,924.75,3
51,29.25,1.2921,-0.17454,0.054735,2,-59,5.441,925.75,3
52,30,1.0694,-0.11713,-0.047893,3,-60,1.4251,923.75,3
53,30.25,1.0694,-0.11713,-0.047893,2,-58.5,5.6696,925.25,3
54,30.5,1.0694,-0.11713,-0.047893,3,-60,1.7089,923.25,3
55,31.25,1.3273,-0.18603,0.054735,2,-58.5,6.2464,924.25,3
56,31.5,1.3273,-0.18603,0.054735,3,-60.5,6.2494,925.75,3
57,32,1.3273,-0.18603,0.054735,3,-61,0.62586,920.25,3
58,32.5,1.1632,-0.14009,0.020525,3,-60,2.37,922.25,3
59,32.75,1.1632,-0.14009,0.020525,3,-60,1.6782,923.25,3
60,33.25,1.1632,-0.14009,0.020525,3,-60,5.1342,922.75,3
61,33.75,1.1866,-0.14009,0.0091224,3,-60,1.04,924.25,3
62,34.25,1.1866,-0.14009,0.0091224,3,-61,0.32214,920.75,3
63,34.5,1.1866,-0.14009,0.0091224,3,-61,6.2709,921.25,3
64,35,1.3156,-0.19751,0.066138,3,-60.5,0.30986,925.25,3
65,35.5,1.3156,-0.19751,0.066138,3,-60,2.0249,922.75,3
66,35.75,1.3156,-0.19751,0.066138,3,-60.5,0.65501,924.75,3
67,36.5,1.0694,-0.082679,-0.03649,2,-59,5.4303,925.75,3
68,36.75,1.0694,-0.082679,-0.03649,3,-61,0.29146,920.75,3
69,37,1.0694,-0.082679,-0.03649,3,-61.5,0.60899,920.25,3
70,37.25,1.0694,-0.082679,-0.03649,3,-60,1.3806,923.75,3
71,38,1.1045,-0.10565,-0.03649,3,-60,4.809,923.25,3
72,38.25,1.1045,-0.10565,-0.03649,3,-60.5,0.64427,924.75,3
73,38.5,1.1045,-0.10565,-0.03649,3,-60.5,5.7923,921.75,3
74,39.25,1.2101,-0.15158,0.031928,3,-61,6.2264,921.25,3
75,40,1.0928,-0.094162,-0.03649,3,-60.5,0.29606,925.25,3
76,40.25,1.0928,-0.094162,-0.03649,3,-60,1.6628,923.25,3
77,40.5,1.0928,-0.094162,-0.03649,3,-60.5,0.6412,924.75,3
78,41,1.1632,-0.12861,-0.013684,3,-60,1.0201,924.25,3
79,41.5,1.1632,-0.12861,-0.013684,3,-61,0.27458,920.75,3
80,41.75,1.1632,-0.12861,-0.013684,3,-61,3.7352,920.25,3
81,42.25,1.0928,-0.094162,-0.025087,3,-60,5.4917,922.25,3
82,42.75,1.0928,-0.094162,-0.025087,3,-60,5.1189,922.75,3
83,43.25,1.0928,-0.094162,-0.025087,3,-60.5,0.64734,924.75,3
84,43.75,1.1514,-0.12861,-0.0022806,3,-60.5,6.2264,925.75,3
85,44,1.1514,-0.12861,-0.0022806,3,-61,0.27151,920.75,3
86,44.25,1.1514,-0.12861,-0.0022806,3,-61,3.769,920.25,3
87,45,1.2218,-0.17454,0.043332,3,-60.5,0.29452,925.25,3
88,45.25,1.2218,-0.17454,0.043332,3,-60,5.1189,922.75,3
89,45.5,1.2218,-0.17454,0.043332,3,-60.5,0.61206,924.75,3
90,45.75,1.2218,-0.17454,0.043332,3,-60.5,0.98942,924.25,3
91,46.5,1.3508,-0.20899,0.077541,3,-61.5,0.24237,920.75,3
92,46.75,1.3508,-0.20899,0.077541,3,-61,3.7199,920.25,3
93,47,1.3508,-0.20899,0.077541,3,-60.5,4.513,923.75,3
94,47.25,1.3508,-0.20899,0.077541,3,-60.5,0.28225,925.25,3
95,47.75,1.1866,-0.15158,0.020525,3,-60,1.9742,922.75,3
96,48,1.1866,-0.15158,0.020525,3,-60.5,2.6553,921.75,3
97,48.5,1.1866,-0.15158,0.020525,3,-60,1.0063,924.25,3
98,49.25,1.1749,-0.12861,0.0091224,3,-62,0.55377,920.25,3
99,49.5,1.1749,-0.12861,0.0091224,3,-60.5,5.4886,922.25,3
100,49.75,1.1749,-0.12861,0.0091224,2,-59,5.6343,925.25,3
101,50.5,1.1163,-0.071196,-0.025087,3,-60.5,0.67188,924.75,3
102,51,1.1163,-0.071196,-0.025087,3,-61,6.251,925.75,3
103,51.75,1.0576,-0.082679,-0.047893,3,-61.5,3.6616,920.25,3
104,52,1.0576,-0.082679,-0.047893,3,-60.5,5.4963,922.25,3
105,52.5,1.0576,-0.082679,-0.047893,3,-60.5,1.6736,923.25,3
106,52.75,1.0576,-0.082679,-0.047893,3,-60.5,1.9896,922.75,3
107,53.5,1.2101,-0.15158,0.031928,3,-61,6.254,925.75,3
108,53.75,1.2101,-0.15158,0.031928,3,-61.5,0.22396,920.75,3
109,54,1.2101,-0.15158,0.031928,3,-61.5,0.50468,920.25,3
110,54.5,1.1632,-0.12861,-0.0022806,3,-60.5,2.3347,922.25,3
111,54.75,1.1632,-0.12861,-0.0022806,3,-60.5,4.7998,923.25,3
112,55.25,1.1632,-0.12861,-0.0022806,3,-60.5,0.67188,924.75,3
113,56,1.1749,-0.12861,0.020525,3,-61.5,3.3487,920.75,3
114,56.25,1.1749,-0.12861,0.020525,3,-61,6.1589,921.25,3
115,56.5,1.1749,-0.12861,0.020525,3,-61.5,3.657,920.25,3
116,56.75,1.1749,-0.12861,0.020525,3,-60.5,2.3363,922.25,3
117,57,1.1749,-0.12861,0.020525,3,-61,0.27918,925.25,3
118,57.75,1.0811,-0.059712,-0.013684,2,-59,5.8951,924.75,3
119,58,1.0811,-0.059712,-0.013684,3,-60.5,1.0431,924.25,3
120,58.25,1.0811,-0.059712,-0.013684,2,-59,5.3797,925.75,3
121,59,1.0811,-0.082679,-0.03649,3,-61.5,0.4786,920.25,3
122,59.25,1.0811,-0.082679,-0.03649,3,-60.5,2.3132,922.25,3
123,59.5,1.0811,-0.082679,-0.03649,2,-59,5.5898,925.25,3
124,60.25,1.1163,-0.094162,-0.013684,3,-60.5,0.66728,924.75,3
125,60.5,1.1163,-0.094162,-0.013684,3,-60.5,1.0431,924.25,3
126,61,1.1163,-0.094162,-0.013684,3,-61,0.15033,920.75,3
127,61.75,0.98728,-0.025263,-0.082102,3,-60.5,5.4426,922.25,3
128,62.5,1.1749,-0.12861,0.020525,3,-60.5,0.68722,924.75,3
129,63,1.1749,-0.12861,0.020525,2,-58,6.231,924.25,3
130,63.25,1.1749,-0.12861,0.020525,3,-61,6.2111,925.75,3
131,63.75,1.0928,-0.059712,-0.025087,3,-61.5,3.5788,920.25,3
132,65,1.1514,-0.11713,0.020525,3,-61,0.66268,924.75,3
133,65.25,1.1514,-0.11713,0.020525,3,-61,5.8153,921.75,3
134,65.5,1.1514,-0.11713,0.020525,2,-59,5.3551,925.75,3
135,66.25,1.1163,-0.11713,-0.013684,3,-61.5,0.43105,920.25,3
136,67,1.1163,-0.082679,-0.013684,3,-60.5,1.9865,922.75,3
137,67.5,1.1163,-0.082679,-0.013684,2,-58.5,5.9181,924.75,3
138,68,1.1163,-0.10565,-0.013684,2,-59,5.372,925.75,3
139,68.25,1.1163,-0.10565,-0.013684,3,-61.5,0.15493,920.75,3
140,68.5,1.1163,-0.10565,-0.013684,3,-61,6.1313,921.25,3
141,68.75,1.1163,-0.10565,-0.013684,2,-58.5,0.14726,923.75,3
142,69.5,1.2101,-0.15158,0.031928,3,-60,4.7983,923.25,3
143,70,1.2101,-0.15158,0.031928,2,-58.5,5.8951,924.75,3
144,70.75,1.0928,-0.082679,-0.013684,3,-61,0.20095,920.75,3
145,71,1.0928,-0.082679,-0.013684,3,-61.5,0.48167,920.25,3
146,71.5,1.1045,-0.082679,-0.013684,3,-61,0.25771,925.25,3
147,72,1.1045,-0.082679,-0.013684,3,-60,1.9819,922.75,3
148,72.25,1.1045,-0.082679,-0.013684,3,-61,0.63507,924.75,3
149,73,1.0928,-0.082679,-0.025087,3,-61,6.1927,925.75,3
150,73.25,1.0928,-0.082679,-0.025087,3,-61,0.18254,920.75,3
151,73.5,1.0928,-0.082679,-0.025087,3,-61,3.6585,920.25,3
152,73.75,1.0928,-0.082679,-0.025087,3,-60,1.3008,923.75,3
153,74.5,1.3273,-0.17454,0.054735,3,-60,1.6245,923.25,3
154,74.75,1.3273,-0.17454,0.054735,2,-58,5.8828,924.75,3
155,75,1.3273,-0.17454,0.054735,3,-60.5,2.663,921.75,3
156,75.5,1.1632,-0.12861,-0.0022806,3,-61,0.19942,920.75,3
157,76,1.1632,-0.12861,-0.0022806,3,-61,3.6524,920.25,3
158,76.25,1.1632,-0.12861,-0.0022806,3,-60,1.3116,923.75,3
159,76.75,1.1397,-0.10565,-0.0022806,3,-60.5,4.7538,923.25,3
160,77,1.1397,-0.10565,-0.0022806,3,-60,1.9666,922.75,3
161,77.75,1.2804,-0.17454,0.054735,3,-60.5,6.1789,925.75,3
162,78.25,1.2804,-0.17454,0.054735,3,-60.5,6.1344,921.25,3
163,78.75,1.0342,-0.036746,-0.059296,3,-60,5.4502,922.25,3
164,79,1.0342,-0.036746,-0.059296,2,-58.5,5.5668,925.25,3
165,79.5,1.0342,-0.036746,-0.059296,3,-60,1.9819,922.75,3
166,80,1.339,-0.17454,0.077541,3,-60.5,0.99862,924.25,3
167,80.25,1.339,-0.17454,0.077541,3,-61,0.17948,920.75,3
168,80.5,1.339,-0.17454,0.077541,3,-60.5,6.119,921.25,3
169,81,1.339,-0.17454,0.077541,3,-61,0.48781,920.25,3
170,81.5,1.1866,-0.12861,0.020525,3,-60.5,0.22856,925.25,3
171,81.75,1.1866,-0.12861,0.020525,3,-60,1.9558,922.75,3
172,82,1.1866,-0.12861,0.020525,3,-60.5,0.60285,924.75,3
173,82.25,1.1866,-0.12861,0.020525,3,-60.5,5.8061,921.75,3
174,82.5,1.1866,-0.12861,0.020525,3,-61,6.2034,925.75,3
175,83,1.0811,-0.082679,-0.025087,3,-60.5,6.1206,921.25,3
176,84.25,1.0928,-0.082679,-0.013684,3,-60.5,5.0974,922.75,3
177,84.75,1.2218,-0.15158,0.020525,3,-60.5,1.0032,924.25,3
178,85.25,1.2218,-0.15158,0.020525,3,-61,6.1927,925.75,3
179,85.5,1.2218,-0.15158,0.020525,3,-60.5,6.1252,921.25,3
180,85.75,1.2218,-0.15158,0.020525,3,-61,0.4786,920.25,3
181,86.25,1.1632,-0.11713,0.0091224,3,-60.5,0.23317,925.25,3
182,86.5,1.1632,-0.11713,0.0091224,3,-60,1.962,922.75,3
183,86.75,1.1632,-0.11713,0.0091224,3,-60.5,0.61819,924.75,3
184,87.5,1.3859,-0.22048,0.088944,3,-61,6.1835,925.75,3
185,87.75,1.3859,-0.22048,0.088944,3,-61,0.13959,920.75,3
186,88,1.3859,-0.22048,0.088944,3,-61,0.48934,920.25,3
187,88.25,1.3859,-0.22048,0.088944,3,-60,1.2686,923.75,3
188,89,1.3273,-0.18603,0.066138,3,-60,1.6322,923.25,3
189,89.25,1.3273,-0.18603,0.066138,3,-60.5,0.61359,924.75,3
190,89.5,1.3273,-0.18603,0.066138,3,-60.5,5.7984,921.75,3
191,90.25,1.3273,-0.18603,0.066138,3,-61,0.17027,920.75,3
192,90.5,1.3273,-0.18603,0.066138,3,-61.5,0.48014,920.25,3
193,90.75,1.3273,-0.18603,0.066138,3,-60,1.2686,923.75,3
194,91.5,1.128,-0.082679,-0.0022806,3,-60,5.122,922.75,3
195,92,1.128,-0.082679,-0.0022806,3,-60.5,5.7846,921.75,3
196,93,1.1749,-0.11713,0.0091224,3,-61.5,0.47553,920.25,3
197,93.25,1.1749,-0.11713,0.0091224,3,-60,1.2855,923.75,3
198,93.5,1.1749,-0.11713,0.0091224,3,-60.5,0.23777,925.25,3
199,93.75,1.1749,-0.11713,0.0091224,3,-60,1.6398,923.25,3
200,94.25,1.0928,-0.082679,-0.013684,3,-61,5.7754,921.75,3
201,94.75,1.0928,-0.082679,-0.013684,3,-60.5,0.98328,924.25,3
202,95.5,1.257,-0.16306,0.054735,3,-60,1.2701,923.75,3
203,96.25,1.0928,-0.082679,-0.025087,3,-60,1.6567,923.25,3
204,96.5,1.0928,-0.082679,-0.025087,3,-60,1.9865,922.75,3
205,96.75,1.0928,-0.082679,-0.025087,3,-60.5,5.803,921.75,3
206,97,1.0928,-0.082679,-0.025087,3,-60,0.98635,924.25,3
207,97.75,1.1866,-0.12861,0.020525,3,-61,0.50468,920.25,3
208,98,1.1866,-0.12861,0.020525,3,-60,1.2962,923.75,3
209,98.5,1.1866,-0.12861,0.020525,3,-60.5,0.2301,925.25,3
210,99,1.1632,-0.11713,0.0091224,2,-58.5,5.8813,924.75,3
211,99.25,1.1632,-0.11713,0.0091224,3,-60.5,5.8077,921.75,3
212,99.5,1.1632,-0.11713,0.0091224,3,-60.5,6.1727,925.75,3
213,99.75,1.1632,-0.11713,0.0091224,3,-61,0.18101,920.75,3
214,100.25,1.0694,-0.059712,-0.047893,3,-61,0.43412,920.25,3
215,100.75,1.0694,-0.059712,-0.047893,3,-60.5,5.4073,922.25,3
216,101,1.0694,-0.059712,-0.047893,2,-59,5.5545,925.25,3
217,101.5,1.1632,-0.12861,0.0091224,2,-58.5,5.8844,924.75,3
218,101.75,1.1632,-0.12861,0.0091224,3,-60.5,5.8184,921.75,3
219,102,1.1632,-0.12861,0.0091224,3,-60.5,6.1835,925.75,3
220,102.75,1.0576,-0.059712,-0.047893,3,-61.5,0.49087,920.25,3
221,103,1.0576,-0.059712,-0.047893,3,-60,2.2887,922.25,3
222,103.25,1.0576,-0.059712,-0.047893,2,-58.5,5.5576,925.25,3
223,103.75,1.2804,-0.16306,0.054735,3,-61,0.61666,924.75,3
224,104.25,1.2804,-0.16306,0.054735,3,-60.5,5.803,921.75,3
225,104.5,1.2804,-0.16306,0.054735,3,-61,6.1681,925.75,3
226,104.75,1.2804,-0.16306,0.054735,3,-61,0.17641,920.75,3
227,105.25,1.3273,-0.18603,0.077541,3,-60,1.2931,923.75,3
228,105.75,1.3273,-0.18603,0.077541,2,-58.5,5.5776,925.25,3
229,106,1.3273,-0.18603,0.077541,3,-60,1.6122,923.25,3
230,106.25,1.3273,-0.18603,0.077541,3,-60,1.9466,922.75,3
231,107,1.1632,-0.11713,-0.0022806,3,-60.5,6.1835,925.75,3
232,107.25,1.1632,-0.11713,-0.0022806,3,-61,0.18715,920.75,3
233,108.5,1.128,-0.094162,-0.0022806,3,-60,1.6245,923.25,3
234,108.75,1.128,-0.094162,-0.0022806,3,-61,3.723,924.75,3
235,109.25,1.128,-0.094162,-0.0022806,3,-60,0.99709,924.25,3
236,109.75,1.1163,-0.10565,-0.013684,3,-60.5,6.1482,921.25,3
237,110,1.1163,-0.10565,-0.013684,3,-61,0.49394,920.25,3
238,111,1.0694,-0.059712,-0.03649,3,-60,1.9405,922.75,3
239,111.25,1.0694,-0.059712,-0.03649,3,-60.5,0.60592,924.75,3
240,111.5,1.0694,-0.059712,-0.03649,3,-60.5,4.0957,924.25,3
241,112.25,1.0576,-0.059712,-0.03649,3,-60.5,6.162,921.25,3
242,112.5,1.0576,-0.059712,-0.03649,3,-61,0.51388,920.25,3
243,112.75,1.0576,-0.059712,-0.03649,3,-60,2.301,922.25,3
244,113,1.0576,-0.059712,-0.03649,2,-58.5,5.5944,925.25,3
245,113.5,1.0811,-0.071196,-0.03649,3,-60,1.9497,922.75,3
246,113.75,1.0811,-0.071196,-0.03649,3,-60.5,5.7632,921.75,3
247,114.25,1.0811,-0.071196,-0.03649,3,-61,6.1881,925.75,3
248,114.5,1.0811,-0.071196,-0.03649,3,-61,0.20402,920.75,3
249,114.75,1.0811,-0.071196,-0.03649,3,-60.5,6.1574,921.25,3
250,115.25,1.1749,-0.14009,0.0091224,3,-60,5.4533,922.25,3
251,115.75,1.1749,-0.14009,0.0091224,3,-60,1.6276,923.25,3
252,116,1.1749,-0.14009,0.0091224,3,-60,1.9497,922.75,3
253,116.25,1.1866,-0.10565,0.020525,3,-60.5,5.7647,921.75,3
254,116.75,1.1866,-0.10565,0.020525,3,-61,6.1651,925.75,3
255,117,1.1866,-0.10565,0.020525,3,-61,0.20402,920.75,3
256,117.25,1.1866,-0.10565,0.020525,3,-61,0.51695,920.25,3
257,117.75,1.3273,-0.18603,0.088944,3,-60,5.4533,922.25,3
258,118,1.3273,-0.18603,0.088944,3,-60.5,4.7615,923.25,3
259,118.5,1.3273,-0.18603,0.088944,3,-61,0.57831,924.75,3
260,119,1.339,-0.19751,0.066138,3,-60.5,6.1635,925.75,3
261,119.25,1.339,-0.19751,0.066138,3,-61,0.17794,920.75,3
262,119.75,1.339,-0.19751,0.066138,3,-61,0.53229,920.25,3
263,120.25,1.1163,-0.082679,-0.025087,2,-58.5,5.5929,925.25,3
264,120.75,1.1163,-0.082679,-0.025087,3,-60,4.7492,923.25,3
265,121,1.1163,-0.082679,-0.025087,2,-58.5,5.8629,924.75,3
266,121.25,1.1163,-0.082679,-0.025087,3,-60.5,5.78,921.75,3
267,121.75,1.1749,-0.12861,0.0091224,3,-61,0.18254,920.75,3
268,122.5,1.128,-0.094162,-0.0022806,3,-60,1.3131,923.75,3
269,122.75,1.128,-0.094162,-0.0022806,2,-58.5,5.573,925.25,3
270,123.5,1.2101,-0.12861,0.020525,3,-60.5,0.60899,924.75,3
271,123.75,1.2101,-0.12861,0.020525,3,-60.5,5.7954,921.75,3
272,124,1.2101,-0.12861,0.020525,3,-61,6.1804,925.75,3
273,124.75,1.1983,-0.12861,0.020525,3,-61,0.49394,920.25,3
274,125.5,1.1749,-0.10565,0.0091224,3,-60,1.9666,922.75,3
275,125.75,1.1749,-0.10565,0.0091224,3,-60.5,0.62126,924.75,3
276,126.25,1.1749,-0.10565,0.0091224,3,-60,0.98635,924.25,3
277,126.75,1.339,-0.18603,0.077541,3,-60.5,6.0945,921.25,3
278,127.25,1.339,-0.18603,0.077541,3,-60,1.2885,923.75,3
279,127.75,1.1514,-0.10565,-0.0022806,3,-60,4.7507,923.25,3
280,129,1.0811,-0.082679,-0.025087,2,-59,5.3244,925.75,3
281,129.08,1.0811,-0.082679,-0.025087,3,-60.5,0.14113,920.75,3
282,129.75,1.1983,-0.11713,0.020525,3,-60,1.2947,923.75,3
283,129.83,1.1983,-0.11713,0.020525,3,-60,2.2872,922.25,3
284,130.25,1.1983,-0.11713,0.020525,2,-58.5,5.5929,925.25,3
285,130.33,1.1983,-0.11713,0.020525,3,-60,1.6552,923.25,3
286,130.75,1.1983,-0.11713,0.020525,3,-60.5,0.60899,924.75,3
287,131,1.1983,-0.11713,0.020525,2,-56,1.3714,921.75,3
288,131.25,1.0342,-0.048229,-0.047893,2,-59,5.303,925.75,3
289,131.5,1.0342,-0.048229,-0.047893,3,-61,0.13806,920.75,3
290,131.75,1.0342,-0.048229,-0.047893,3,-61.5,0.45713,920.25,3
291,132.5,1.1514,-0.11713,-0.0022806,3,-61,0.25617,925.25,3
292,132.75,1.1514,-0.11713,-0.0022806,3,-60,1.6552,923.25,3
293,133.25,1.1514,-0.11713,-0.0022806,2,-58,5.8782,924.75,3
294,134,1.0811,-0.071196,-0.03649,3,-61,0.13806,920.75,3
295,134.75,1.1983,-0.11713,0.0091224,3,-60.5,0.23623,925.25,3
296,135.5,1.0811,-0.082679,-0.025087,3,-60.5,0.60439,924.75,3
297,136,1.0811,-0.082679,-0.025087,3,-60,0.96641,924.25,3
298,136.5,1.0928,-0.071196,-0.025087,3,-60.5,6.0838,921.25,3
299,136.75,1.0928,-0.071196,-0.025087,3,-61,0.49394,920.25,3
300,137.5,1.0694,-0.059712,-0.03649,3,-60,1.6628,923.25,3
301,137.75,1.0694,-0.059712,-0.03649,3,-60,1.9988,922.75,3
302,138,1.0694,-0.059712,-0.03649,3,-60.5,0.60746,924.75,3
303,139,1.128,-0.094162,-0.013684,3,-60.5,0.12732,920.75,3
304,139.08,1.128,-0.094162,-0.013684,3,-61,3.6248,920.25,3
305,139.5,1.128,-0.094162,-0.013684,3,-60,5.4732,922.25,3
306,139.75,1.128,-0.094162,-0.013684,3,-60.5,0.23623,925.25,3
307,140.25,1.1163,-0.082679,-0.013684,3,-60,1.962,922.75,3
308,141,1.1749,-0.11713,0.0091224,2,-59,5.306,925.75,3
309,141.5,1.1749,-0.11713,0.0091224,3,-60.5,6.1068,921.25,3
310,142,1.0928,-0.094162,-0.013684,3,-60,1.3023,923.75,3
311,142.25,1.0928,-0.094162,-0.013684,3,-60,2.2856,922.25,3
312,142.5,1.0928,-0.094162,-0.013684,3,-60,1.623,923.25,3
313,142.75,1.0928,-0.094162,-0.013684,3,-60,5.0744,922.75,3
314,143,1.0928,-0.094162,-0.013684,3,-60.5,5.754,921.75,3
315,143.75,1.0928,-0.059712,-0.025087,3,-61,0.17027,920.75,3
316,144.5,1.3625,-0.20899,0.088944,3,-60,5.4349,922.25,3
317,144.75,1.3625,-0.20899,0.088944,3,-60.5,0.23317,925.25,3
318,145,1.3625,-0.20899,0.088944,3,-60,1.6137,923.25,3
319,145.25,1.3625,-0.20899,0.088944,3,-60,5.0529,922.75,3
320,145.5,1.3625,-0.20899,0.088944,3,-60,5.7187,921.75,3
321,146,1.1163,-0.094162,-0.013684,3,-60.5,0.17027,920.75,3
322,147.75,1.3625,-0.19751,0.077541,3,-60.5,0.58598,924.75,3
323,148.25,1.0811,-0.059712,-0.03649,3,-60.5,6.1467,925.75,3
324,148.75,1.0811,-0.059712,-0.03649,3,-61,6.1175,921.25,3
325,149.5,1.2687,-0.16306,0.054735,2,-58.5,5.5975,925.25,3
326,149.75,1.2687,-0.16306,0.054735,3,-60,1.6245,923.25,3
327,150.5,1.1163,-0.082679,-0.013684,3,-60.5,0.95874,924.25,3
328,150.75,1.1163,-0.082679,-0.013684,3,-61,6.1605,925.75,3
329,151.5,1.0459,-0.048229,-0.047893,3,-60,4.47,923.75,3
330,151.75,1.0459,-0.048229,-0.047893,3,-60,2.3317,922.25,3
331,152,1.0459,-0.048229,-0.047893,2,-58.5,5.6098,925.25,3
332,152.75,1.3156,-0.19751,0.077541,2,-58.5,5.8629,924.75,3
333,153.5,1.1163,-0.082679,-0.013684,3,-60.5,6.1482,921.25,3
334,153.75,1.1163,-0.082679,-0.013684,3,-61,0.53536,920.25,3
335,154.5,1.0811,-0.071196,-0.025087,3,-60.5,0.30833,925.25,3
336,155,1.0811,-0.071196,-0.025087,3,-60,5.1342,922.75,3
337,155.5,1.339,-0.18603,0.077541,3,-60.5,6.1666,925.75,3
338,155.75,1.339,-0.18603,0.077541,3,-61,0.1672,920.75,3
339,156.25,1.339,-0.18603,0.077541,3,-61,3.6693,920.25,3
340,156.5,1.339,-0.18603,0.077541,3,-60,4.4808,923.75,3
341,156.75,1.339,-0.18603,0.077541,3,-60,5.4886,922.25,3
342,157.5,1.1514,-0.10565,0.0091224,3,-60.5,0.62126,924.75,3
343,158,1.339,-0.18603,0.066138,2,-59,5.2892,925.75,3
344,158.75,1.1749,-0.12861,0.0091224,3,-61.5,0.51695,920.25,3
345,159,1.1749,-0.12861,0.0091224,3,-60,5.4932,922.25,3
346,159.25,1.1749,-0.12861,0.0091224,2,-58.5,5.645,925.25,3
347,159.75,1.1749,-0.12861,0.0091224,3,-60,2.1031,922.75,3
348,160.25,1.128,-0.14009,0.0091224,3,-60.5,6.0853,921.75,3
349,160.5,1.128,-0.14009,0.0091224,2,-59,5.5637,925.75,3
350,160.75,1.128,-0.14009,0.0091224,3,-61,0.49241,920.75,3
351,161,1.128,-0.14009,0.0091224,3,-61,3.9577,920.25,3
352,161.5,1.2218,-0.20899,0.031928,3,-60.5,5.6589,922.25,3
353,162,1.2218,-0.20899,0.031928,3,-60,2.1016,922.75,3
354,162.25,1.2218,-0.20899,0.031928,3,-60.5,0.74091,924.75,3
355,162.75,1.1749,-0.15158,0.0091224,3,-61,6.2464,925.75,3
356,163.25,1.1749,-0.15158,0.0091224,3,-61,0.21783,920.75,3
357,163.5,1.1749,-0.15158,0.0091224,3,-61,0.5553,920.25,3
358,164.25,1.1749,-0.10565,0.0091224,3,-61,0.30986,925.25,3
359,164.75,1.1749,-0.10565,0.0091224,3,-60.5,0.69796,924.75,3
360,165.5,1.3039,-0.17454,0.077541,3,-61,6.1927,925.75,3
361,165.75,1.3039,-0.17454,0.077541,3,-60.5,6.1022,921.25,3
362,166,1.3039,-0.17454,0.077541,3,-61,0.49087,920.25,3
363,166.25,1.3039,-0.17454,0.077541,3,-60,1.3606,923.75,3
364,166.5,1.3039,-0.17454,0.077541,3,-60.5,0.31293,925.25,3
365,166.75,1.3039,-0.17454,0.077541,3,-60,1.7058,923.25,3
366,167.75,1.0928,-0.071196,-0.03649,3,-60.5,0.96641,924.25,3
367,168.25,1.2452,-0.14009,0.031928,3,-60.5,6.0715,921.25,3
368,168.5,1.2452,-0.14009,0.031928,3,-61,0.47093,920.25,3
369,168.75,1.2452,-0.14009,0.031928,3,-60,2.301,922.25,3
370,169,1.2452,-0.14009,0.031928,2,-58.5,5.6527,925.25,3
371,169.75,1.1866,-0.12861,0.020525,3,-60.5,0.632,924.75,3
372,170,1.1866,-0.12861,0.020525,3,-60.5,0.96027,924.25,3
373,170.5,1.1866,-0.12861,0.020525,3,-60.5,0.13192,920.75,3
374,170.75,1.1866,-0.12861,0.020525,3,-60.5,6.0516,921.25,3
375,171.25,1.128,-0.082679,-0.0022806,3,-60,5.4364,922.25,3
376,171.5,1.128,-0.082679,-0.0022806,2,-58.5,5.6404,925.25,3
377,171.75,1.128,-0.082679,-0.0022806,3,-60,2.0064,922.75,3
378,172.25,1.1632,-0.12861,0.0091224,3,-60.5,5.7693,921.75,3
379,172.75,1.1632,-0.12861,0.0091224,2,-59.5,5.3337,925.75,3
380,173,1.1632,-0.12861,0.0091224,3,-61.5,0.11045,920.75,3
381,173.5,1.1514,-0.094162,-0.013684,3,-60,1.3039,923.75,3
382,173.75,1.1514,-0.094162,-0.013684,3,-60,5.415,922.25,3
383,174,1.1514,-0.094162,-0.013684,3,-60,1.6368,923.25,3
384,174.75,1.1514,-0.10565,0.0091224,3,-60,5.7371,921.75,3
385,175,1.1514,-0.10565,0.0091224,3,-61,6.1497,925.75,3
386,175.75,1.0928,-0.082679,-0.025087,3,-60,1.2686,923.75,3
387,176.25,1.0928,-0.082679,-0.025087,3,-60,2.3899,922.25,3
388,176.5,1.0928,-0.082679,-0.025087,3,-60,4.8458,923.25,3
389,176.75,1.0928,-0.082679,-0.025087,3,-61,3.8196,924.75,3
390,177.25,1.0928,-0.082679,-0.025087,3,-61,2.6001,921.75,3
391,177.75,1.1749,-0.12861,0.0091224,3,-62,0.11812,920.75,3
392,178.25,1.1749,-0.12861,0.0091224,3,-62,0.30526,920.25,3
393,179,1.0576,-0.059712,-0.047893,3,-60.5,4.6832,923.25,3
394,179.25,1.0576,-0.059712,-0.047893,3,-60.5,1.8469,922.75,3
395,180,1.1983,-0.15158,0.043332,3,-62,6.1267,925.75,3
396,180.25,1.1983,-0.15158,0.043332,3,-62,5.8,921.25,3
397,181.5,1.1514,-0.11713,0.0091224,3,-60.5,4.7001,923.25,3
398,182,1.1514,-0.11713,0.0091224,3,-61.5,5.7478,921.75,3
399,182.75,1.257,-0.15158,0.054735,3,-61.5,6.0009,921.25,3
400,183.5,1.0811,-0.071196,-0.013684,3,-61.5,5.438,922.25,3
401,183.75,1.0811,-0.071196,-0.013684,3,-61,1.7288,923.25,3
402,184.5,1.128,-0.10565,-0.0022806,3,-60.5,2.327,921.75,3
403,184.75,1.128,-0.10565,-0.0022806,2,-59,5.2769,925.75,3
404,185.25,1.0811,-0.094162,-0.025087,3,-60,5.8261,921.25,3
405,185.5,1.0811,-0.094162,-0.025087,3,-61,1.0232,923.75,3
406,186.25,1.3508,-0.20899,0.077541,3,-60.5,1.4005,923.25,3
407,186.5,1.3508,-0.20899,0.077541,3,-60.5,1.6828,922.75,3
408,186.75,1.3508,-0.20899,0.077541,3,-60.5,2.2841,921.75,3
409,187.5,1.1866,-0.14009,0.0091224,3,-60.5,6.0976,920.75,3
410,187.75,1.1866,-0.14009,0.0091224,3,-61,5.7233,921.25,3
411,188.25,1.0928,-0.094162,-0.03649,3,-60,1.9083,922.25,3
412,188.75,1.0928,-0.094162,-0.03649,3,-61,1.3698,923.25,3
413,189.5,1.2921,-0.18603,0.054735,3,-60.5,0.87437,924.25,3
414,190.25,0.99901,-0.048229,-0.082102,3,-61,6.0101,921.25,3
415,190.33,0.99901,-0.048229,-0.082102,3,-60,0.22396,920.25,3
416,191,1.3508,-0.19751,0.054735,3,-60.5,0.13806,925.25,3
417,191.75,1.3273,-0.18603,0.066138,3,-61,5.6052,921.75,3
418,192,1.3273,-0.18603,0.066138,3,-60.5,0.9388,924.25,3
419,192.25,1.3273,-0.18603,0.066138,3,-60.5,6.2433,920.75,3
420,192.5,1.3273,-0.18603,0.066138,3,-61,5.935,921.25,3
421,192.75,1.3273,-0.18603,0.066138,3,-61.5,0.20862,920.25,3
422,193.25,1.3273,-0.18603,0.066138,3,-61,2.1414,922.25,3
423,193.75,1.1983,-0.14009,0.020525,3,-61,4.9609,922.75,3
424,194,1.1983,-0.14009,0.020525,3,-61,5.6512,921.75,3
425,194.5,1.1983,-0.14009,0.020525,2,-58.5,5.3597,925.75,3
426,195,1.1045,-0.094162,-0.025087,3,-61.5,5.8705,921.25,3
427,195.25,1.1045,-0.094162,-0.025087,3,-61,1.195,923.75,3
428,195.5,1.1045,-0.094162,-0.025087,3,-60.5,2.1062,922.25,3
429,196.25,1.1397,-0.094162,-0.013684,3,-60.5,1.8607,922.75,3
430,197.25,1.0928,-0.082679,-0.03649,2,-58.5,5.2907,925.75,3
431,197.5,1.0928,-0.082679,-0.03649,3,-61,2.752,921.25,3
432,198,1.2335,-0.15158,0.020525,3,-60.5,1.2103,923.75,3
433,198.25,1.2335,-0.15158,0.020525,3,-61,0.22856,925.25,3
434,198.5,1.2335,-0.15158,0.020525,3,-60.5,1.5999,923.25,3
435,198.75,1.2335,-0.15158,0.020525,3,-60.5,5.0713,922.75,3
436,199.5,1.3508,-0.19751,0.066138,3,-62,6.1773,925.75,3
437,199.75,1.3508,-0.19751,0.066138,3,-61.5,0.0061359,920.75,3
438,200,1.3508,-0.19751,0.066138,3,-61.5,0.31753,920.25,3
439,200.75,1.0928,-0.082679,-0.03649,2,-58.5,5.6635,925.25,3
440,201,1.0928,-0.082679,-0.03649,3,-60.5,1.6045,923.25,3
441,201.25,1.0928,-0.082679,-0.03649,3,-60.5,1.9543,922.75,3
442,201.5,1.0928,-0.082679,-0.03649,3,-61.5,5.7264,921.75,3
443,201.75,1.0928,-0.082679,-0.03649,3,-61,0.97715,924.25,3
444,203,1.1749,-0.11713,-0.0022806,3,-61,2.2074,922.25,3
445,203.25,1.1749,-0.11713,-0.0022806,3,-60.5,1.6107,923.25,3
446,203.5,1.1749,-0.11713,-0.0022806,3,-60.5,5.102,922.75,3
447,204,1.1749,-0.11713,-0.0022806,3,-61,2.5602,921.75,3
448,204.75,1.2335,-0.15158,0.020525,3,-61.5,5.9472,921.25,3
449,205,1.2335,-0.15158,0.020525,3,-61,1.2226,923.75,3
450,206,1.0928,-0.094162,-0.025087,3,-61,1.8929,922.75,3
451,206.75,0.99901,-0.025263,-0.070699,3,-61.5,0.89431,924.25,3
452,207,0.99901,-0.025263,-0.070699,3,-61.5,6.2126,920.75,3
453,207.25,0.99901,-0.025263,-0.070699,3,-61,5.892,921.25,3
454,207.5,0.99901,-0.025263,-0.070699,3,-61,1.2333,923.75,3
455,207.75,0.99901,-0.025263,-0.070699,3,-61,2.1767,922.25,3
456,208.5,1.1163,-0.094162,-0.013684,3,-61,1.8883,922.75,3
457,208.75,1.1163,-0.094162,-0.013684,3,-61,5.6543,921.75,3
458,209.25,1.1163,-0.094162,-0.013684,2,-59,5.3244,925.75,3
459,209.75,1.0576,-0.048229,-0.047893,3,-61.5,0.29759,920.25,3
460,210.5,1.1514,-0.082679,0.031928,3,-59.5,1.784,923.25,3
461,211.25,0.84658,0.2733,-0.61804,2,-53,5.2462,921.75,3
462,211.5,0.68242,0.42258,-0.65225,3,-59.5,0.061359,924.25,1
463,211.75,0.68242,0.42258,-0.65225,3,-61.5,1.5463,925.75,1
464,216,0.48309,0.69818,-0.60664,2,-63,5.7049,921.75,1
465,216.25,0.48309,0.69818,-0.60664,2,-61.5,4.5007,924.25,1
466,223,0.1665,0.90487,0.16876,1,-55,3.565,924.75,4
467,223.5,0.0023451,1.0427,-0.013684,1,-52,3.3502,921.75,4
468,224.25,-0.15009,0.99674,-0.025087,1,-60,0.76852,921.25,4
469,229.25,0.42446,0.95081,0.13456,1,-60,2.7182,920.25,2
470,232.25,0.42446,0.95081,0.13456,1,-60.5,1.0646,922.25,2
471,236.5,0.42446,0.95081,0.13456,1,-59.5,4.7262,921.25,2
472,243.75,0.42446,0.95081,0.13456,1,-60,5.0867,920.25,2
473,248.75,0.42446,0.95081,0.13456,1,-59.5,4.5007,921.25,2
474,278,0.70587,0.80152,0.054735,1,-59.5,4.987,920.25,2
475,285.75,0.72932,0.80152,0.054735,1,-60.5,0.45713,922.25,2
476,329.5,0.72932,0.80152,0.054735,1,-60.5,0.48167,922.25,2
477,334.5,0.72932,0.80152,0.054735,1,-60.5,0.54763,922.25,2
478,420.3,0.14305,0.93932,0.12315,2,-70,5.8751,922.75,4
479,423.5,0.14305,0.93932,0.12315,3,-59.5,0.25464,925.75,4
480,428.75,0.060972,0.98526,0.23718,1,-63,0.474,921.25,1
481,429,0.060972,0.98526,0.23718,3,-62,4.4271,923.75,1
482,430,0.060972,0.98526,0.23718,1,-62.5,2.732,922.75,1
483,430.25,0.47136,0.89339,-0.31016,3,-60.5,1.9359,921.75,1
484,430.5,0.47136,0.89339,-0.31016,3,-59.5,0.57217,921.75,1
485,430.75,0.47136,0.89339,-0.31016,3,-59,4.5513,924.25,1
486,430.83,0.47136,0.89339,-0.31016,3,-59,6.0025,925.75,1
487,432.5,0.9521,0.25033,-0.57243,3,-59,4.7538,924.75,3
488,433,0.99901,0.10105,-0.32157,3,-61,1.6598,924.25,3
489,433.5,0.99901,0.10105,-0.32157,3,-65.5,5.0223,920.75,3
490,434.5,1.1045,-0.025263,-0.13912,2,-59.5,0.70256,925.25,3
491,434.75,1.1045,-0.025263,-0.13912,3,-62.5,1.8408,923.25,3
492,435.75,1.2687,-0.059712,-0.070699,3,-63.5,0.50468,925.75,3
493,436.5,1.0928,-0.036746,-0.15052,3,-61,1.7135,923.75,3
494,437.5,1.1163,-0.01378,-0.093505,3,-61.5,0.99402,924.75,3
495,437.75,1.1163,-0.01378,-0.093505,3,-61.5,5.8475,921.75,3
496,438.25,1.1045,-0.01378,-0.082102,3,-62.5,0.31293,920.75,3
497,439.5,1.1632,-0.036746,-0.03649,3,-61.5,1.7994,923.25,3
498,440.25,1.2452,-0.10565,-0.013684,3,-64,1.0907,924.25,3
499,441.5,1.0928,-0.048229,-0.070699,3,-63,5.7601,922.25,3
500,441.75,1.0928,-0.048229,-0.070699,3,-63,0.72864,925.25,3
501,443,1.2687,-0.15158,0.0091224,3,-63.5,0.30219,925.75,3
502,443.25,1.2687,-0.15158,0.0091224,3,-63,6.2418,921.25,3
503,443.75,1.0342,0.0091865,-0.10491,3,-62.5,1.5585,923.75,3
504,444,1.0342,0.0091865,-0.10491,3,-62.5,2.4636,922.25,3
505,444.5,1.0342,0.0091865,-0.10491,3,-62.5,1.8715,923.25,3
506,444.75,1.0342,0.0091865,-0.10491,3,-63,0.93573,924.75,3
507,445,1.0342,0.0091865,-0.10491,3,-63,6.0193,921.75,3
508,446,1.0576,-0.01378,-0.093505,3,-63,3.749,920.25,3
509,446.5,1.0576,-0.01378,-0.093505,3,-63,5.6343,922.25,3
510,447.25,1.1866,-0.082679,-0.013684,3,-62.5,0.93573,924.75,3
511,447.75,1.2218,-0.094162,-0.013684,2,-58.5,5.935,925.75,3
512,449.25,1.128,-0.059712,-0.059296,3,-62.5,1.9205,923.25,3
513,449.5,1.128,-0.059712,-0.059296,3,-63,0.95107,924.75,3
514,450.5,1.0928,-0.036746,-0.059296,3,-63,0.29146,920.75,3
515,451.25,1.1045,-0.036746,-0.059296,3,-62.5,4.7891,923.75,3
516,451.75,1.0459,-0.0022966,-0.093505,3,-62.5,1.9313,923.25,3
517,452.5,1.0576,-0.01378,-0.082102,3,-62.5,1.2686,924.25,3
518,453.5,1.0107,0.0091865,-0.10491,3,-62.5,4.8106,923.75,3
519,454.25,1.1866,-0.094162,-0.013684,3,-62.5,2.2703,922.75,3
520,455,1.2335,-0.11713,-0.0022806,3,-63,0.2301,925.75,3
521,456,1.0928,-0.025263,-0.070699,3,-62,1.6091,923.75,3
522,456.75,1.1397,-0.059712,-0.025087,3,-62,2.2227,922.75,3
523,457,1.1397,-0.059712,-0.025087,3,-62.5,0.92346,924.75,3
524,457.25,1.1397,-0.059712,-0.025087,3,-62.5,5.935,921.75,3
525,458,1.1045,-0.048229,-0.047893,3,-62.5,6.2157,921.25,3
526,458.08,1.1045,-0.048229,-0.047893,3,-62.5,0.60592,920.25,3
527,459,0.9521,0.02067,-0.11631,3,-62,1.8929,923.25,3
528,460,1.0811,-0.01378,-0.070699,2,-58.5,5.8368,925.75,3
529,460.25,1.0811,-0.01378,-0.070699,3,-62.5,0.3068,920.75,3
530,460.5,1.0811,-0.01378,-0.070699,3,-62.5,6.2709,921.25,3
531,460.58,1.0811,-0.01378,-0.070699,3,-62.5,0.58445,920.25,3
532,461,1.0811,-0.01378,-0.070699,3,-62,5.6312,922.25,3
533,461.5,1.1983,-0.071196,-0.0022806,3,-62.5,5.2784,922.75,3
534,462.25,1.1045,-0.025263,-0.059296,3,-62.5,1.2241,924.25,3
535,463.25,1.1163,-0.036746,-0.047893,3,-62,1.5386,923.75,3
536,465,1.0107,0.02067,-0.10491,3,-62.5,0.25771,920.75,3
537,465.25,1.0107,0.02067,-0.10491,3,-62.5,6.228,921.25,3
538,465.75,1.1397,-0.048229,-0.03649,3,-62,1.534,923.75,3
539,466.25,1.1397,-0.048229,-0.03649,3,-61.5,1.8638,923.25,3
540,467.25,1.0928,-0.025263,-0.059296,2,-58.5,5.8414,925.75,3
541,467.75,1.0107,0.032153,-0.093505,3,-62.5,6.2464,921.25,3
542,468,1.0107,0.032153,-0.093505,3,-62,1.5509,923.75,3
543,468.75,1.0342,0.0091865,-0.10491,3,-62,1.8638,923.25,3
544,469.5,1.3742,-0.15158,0.043332,2,-56.5,0.43565,924.25,3
545,470,1.2335,-0.094162,-0.0022806,3,-62.5,6.2617,921.25,3
546,470.5,1.0107,0.032153,-0.11631,3,-62,1.5616,923.75,3
547,471.75,1.1045,-0.048229,-0.047893,3,-62.5,6.0009,921.75,3
548,472,1.1045,-0.048229,-0.047893,3,-63,0.27151,925.75,3
549,472.25,1.1045,-0.048229,-0.047893,3,-62.5,0.32214,920.75,3
550,472.5,1.1045,-0.048229,-0.047893,3,-62.5,0.021476,921.25,3
551,472.75,1.1045,-0.048229,-0.047893,3,-62.5,0.61819,920.25,3
552,473.25,1.1866,-0.082679,-0.013684,3,-62.5,0.5507,925.25,3
553,473.75,1.1866,-0.082679,-0.013684,3,-62,2.1706,922.75,3
554,474,1.1866,-0.082679,-0.013684,3,-62.5,0.88357,924.75,3
555,474.75,1.1397,-0.036746,-0.03649,3,-62.5,3.4729,920.75,3
556,475.25,1.2218,-0.10565,0.0091224,3,-62.5,3.7398,920.25,3
557,475.5,1.2218,-0.10565,0.0091224,3,-62.5,5.6251,922.25,3
558,476,1.1866,-0.082679,-0.025087,3,-62,1.873,923.25,3
559,476.5,1.1866,-0.082679,-0.025087,3,-62.5,0.90658,924.75,3
560,476.75,1.1866,-0.082679,-0.025087,3,-62.5,5.9871,921.75,3
561,477,1.1866,-0.082679,-0.025087,2,-58,5.846,925.75,3
562,477.25,1.1866,-0.082679,-0.025087,3,-62.5,0.31907,920.75,3
563,477.75,1.0694,-0.01378,-0.082102,3,-62.5,3.7506,920.25,3
564,478.25,1.1749,-0.071196,-0.013684,3,-62.5,0.5645,925.25,3
565,479.25,0.96383,0.02067,-0.11631,3,-62,1.2931,924.25,3
566,480,0.9521,0.032153,-0.11631,3,-62.5,6.2663,921.25,3
567,480.25,0.9521,0.032153,-0.11631,3,-62,1.5217,923.75,3
568,481.75,0.9521,0.02067,-0.12771,3,-61.5,1.2671,924.25,3
569,482,0.9521,0.02067,-0.12771,3,-62.5,0.3252,920.75,3
570,482.25,0.9521,0.02067,-0.12771,3,-63,0.021476,921.25,3
571,482.5,0.9521,0.02067,-0.12771,3,-63,3.6662,920.25,3
572,483.25,1.0694,-0.0022966,-0.070699,3,-62,1.8807,923.25,3
573,484,1.0928,-0.01378,-0.070699,3,-62.5,5.9657,921.75,3
574,484.25,1.0928,-0.01378,-0.070699,3,-63,0.22703,925.75,3
575,485,0.96383,0.032153,-0.11631,3,-62,4.6633,923.75,3
576,486.25,1.128,-0.036746,-0.047893,3,-62.5,5.9871,921.75,3
577,486.5,1.128,-0.036746,-0.047893,3,-62,1.2609,924.25,3
578,487,1.128,-0.036746,-0.047893,3,-63,0.25464,920.75,3
579,487.5,0.98728,0.032153,-0.11631,3,-62,1.5493,923.75,3
580,487.75,0.98728,0.032153,-0.11631,3,-62,5.6236,922.25,3
581,488.25,1.1397,-0.048229,-0.03649,3,-62,5.3689,922.75,3
582,488.75,1.1397,-0.048229,-0.03649,3,-62,0.93113,924.75,3
583,489.75,1.128,-0.036746,-0.070699,3,-63,0.57831,920.25,3
584,490,1.128,-0.036746,-0.070699,3,-62,1.5509,923.75,3
585,490.75,1.1163,-0.036746,-0.059296,3,-62,2.2381,922.75,3
586,491,1.1163,-0.036746,-0.059296,3,-62.5,0.94953,924.75,3
587,491.25,1.1163,-0.036746,-0.059296,3,-62.5,2.8302,921.75,3
588,492.75,1.0811,-0.0022966,-0.070699,3,-62.5,5.6665,922.25,3
589,493,1.0811,-0.0022966,-0.070699,3,-61.5,1.9236,923.25,3
590,494.25,1.0928,-0.0022966,-0.070699,3,-62.5,0.27918,920.75,3
591,494.5,1.0928,-0.0022966,-0.070699,3,-62.5,6.251,921.25,3
592,495,1.1397,-0.048229,-0.047893,3,-62,1.5493,923.75,3
593,495.25,1.1397,-0.048229,-0.047893,3,-62,5.6788,922.25,3
594,496,1.2452,-0.11713,0.0091224,3,-62.5,5.9657,921.75,3
595,497.5,1.0928,-0.025263,-0.059296,3,-62,1.5877,923.75,3
596,498.25,1.2101,-0.094162,-0.0022806,3,-62,2.212,922.75,3
597,498.5,1.2101,-0.094162,-0.0022806,3,-62,5.958,921.75,3
598,499.5,1.0459,0.0091865,-0.093505,3,-63,0.65961,920.25,3
599,500.25,1.0459,-0.0022966,-0.082102,3,-62,1.9083,923.25,3
600,500.5,1.0459,-0.0022966,-0.082102,3,-62,2.2151,922.75,3
601,501.25,1.0928,-0.01378,-0.070699,3,-62.5,1.2103,924.25,3
602,501.5,1.0928,-0.01378,-0.070699,3,-63,3.3656,920.75,3
603,501.75,1.0928,-0.01378,-0.070699,3,-63,6.208,921.25,3
604,502,1.0928,-0.01378,-0.070699,3,-63,3.7352,920.25,3
605,502.5,1.1514,-0.059712,-0.03649,3,-62.5,0.60285,925.25,3
606,503,1.1514,-0.059712,-0.03649,3,-62,5.349,922.75,3
607,503.25,1.1514,-0.059712,-0.03649,3,-62.5,0.90505,924.75,3
608,504.25,1.1632,-0.048229,-0.025087,3,-63,6.2694,921.25,3
609,504.5,1.1632,-0.048229,-0.025087,3,-63,0.59672,920.25,3
610,505.25,1.2804,-0.11713,0.020525,3,-62.5,5.0361,923.25,3
611,505.75,1.2804,-0.11713,0.020525,3,-62.5,0.91425,924.75,3
612,506,1.2804,-0.11713,0.020525,3,-62.5,5.9334,921.75,3
613,506.5,1.1514,-0.036746,-0.03649,3,-63,6.2387,921.25,3
614,506.75,1.1514,-0.036746,-0.03649,3,-63,3.7199,920.25,3
615,507,1.1514,-0.036746,-0.03649,3,-62,1.5846,923.75,3
616,508.75,1.1514,-0.048229,-0.03649,3,-63,0.19788,925.75,3
617,509,1.1514,-0.048229,-0.03649,3,-62.5,0.23163,920.75,3
618,509.5,1.0342,0.0091865,-0.082102,3,-62,1.5815,923.75,3
619,510,1.0342,0.0091865,-0.082102,3,-63,0.60439,925.25,3
620,510.25,1.0342,0.0091865,-0.082102,3,-63,5.3751,922.75,3
621,511,0.99901,0.032153,-0.11631,3,-62.5,1.2533,924.25,3
622,511.25,0.99901,0.032153,-0.11631,3,-63,0.20555,920.75,3
623,511.75,1.0342,0.02067,-0.093505,3,-62,1.5263,923.75,3
624,512,1.0342,0.02067,-0.093505,3,-62.5,5.6466,922.25,3
625,513.5,0.98728,-0.0022966,-0.11631,3,-63,0.28532,925.75,3
626,514,1.0225,-0.0022966,-0.093505,3,-63,0.62126,920.25,3
627,515,1.128,-0.036746,-0.047893,3,-62,1.8638,923.25,3
628,515.25,1.128,-0.036746,-0.047893,3,-62,2.166,922.75,3
629,515.75,1.1163,-0.048229,-0.059296,3,-62,1.2533,924.25,3
630,516.25,1.1163,-0.048229,-0.059296,3,-63,0.34054,920.75,3
631,516.75,0.96383,0.02067,-0.11631,3,-63,3.7782,920.25,3
632,517.5,1.0459,-0.0022966,-0.082102,3,-62,1.8853,923.25,3
633,518,1.1397,-0.036746,-0.03649,3,-62.5,5.9074,921.75,3
634,518.25,1.1397,-0.036746,-0.03649,2,-58.5,5.7524,925.75,3
635,518.5,1.1397,-0.036746,-0.03649,3,-63,0.26998,920.75,3
636,519,0.96383,0.032153,-0.11631,3,-63,0.60746,920.25,3
637,519.25,0.96383,0.032153,-0.11631,3,-62.5,2.5372,922.25,3
638,519.5,0.96383,0.032153,-0.11631,3,-63,0.56144,925.25,3
639,520.5,1.0459,0.02067,-0.093505,3,-63,5.9043,921.75,3
640,521,1.1632,-0.059712,-0.025087,3,-63,0.26384,920.75,3
641,521.75,1.0107,0.02067,-0.11631,3,-62,1.58,923.75,3
642,522.25,0.97555,0.0091865,-0.11631,3,-62,5.0437,923.25,3
643,523.25,1.0811,-0.01378,-0.059296,3,-62,1.2241,924.25,3
644,523.75,1.0694,0.02067,-0.082102,3,-63,6.2234,921.25,3
645,524.5,1.339,-0.12861,0.043332,3,-63,0.53229,925.25,3
646,524.75,1.339,-0.12861,0.043332,3,-62,2.1721,922.75,3
647,525,1.339,-0.12861,0.043332,3,-62.5,0.87744,924.75,3
648,527.5,0.98728,0.02067,-0.11631,3,-62.5,0.8759,924.75,3
649,528,1.128,-0.048229,-0.047893,2,-58.5,5.78,925.75,3
650,528.75,1.1045,-0.025263,-0.047893,3,-63,0.55223,920.25,3
651,530,1.2101,-0.082679,-0.013684,3,-62.5,0.88511,924.75,3
652,530.5,1.0459,0.02067,-0.093505,2,-58.5,5.7831,925.75,3
653,531,1.1983,-0.094162,-0.013684,3,-63,3.7352,920.25,3
654,532,1.1045,-0.036746,-0.047893,3,-62.5,5.01,923.25,3
655,532.5,1.339,-0.12861,0.031928,3,-62.5,5.915,921.75,3
656,532.75,1.339,-0.12861,0.031928,3,-62,1.195,924.25,3
657,533.25,1.339,-0.12861,0.031928,3,-63,0.24083,920.75,3
658,534,1.1983,-0.094162,-0.0022806,3,-62.5,5.6389,922.25,3
659,534.25,1.1983,-0.094162,-0.0022806,3,-62,1.8454,923.25,3
660,535.25,1.0928,-0.01378,-0.059296,3,-63,0.18101,925.75,3
661,536.25,1.0928,-0.025263,-0.059296,3,-62,1.5693,923.75,3
662,537.25,1.3977,-0.16306,0.054735,3,-62.5,0.86977,924.75,3
663,537.75,1.0342,0.02067,-0.093505,3,-63,0.19021,925.75,3
664,538.5,1.0342,0.02067,-0.11631,3,-63,3.746,920.25,3
665,538.75,1.0342,0.02067,-0.11631,3,-62,1.557,923.75,3
666,539.25,1.0928,-0.01378,-0.059296,3,-62.5,1.8408,923.25,3
667,539.75,1.0928,-0.01378,-0.059296,3,-62.5,0.8713,924.75,3
668,540.25,1.1045,-0.01378,-0.047893,3,-63,0.19021,925.75,3
669,540.75,0.9521,0.032153,-0.12771,3,-63,0.59825,920.25,3
670,541,0.9521,0.032153,-0.12771,3,-62,1.5386,923.75,3
671,541.75,1.2452,-0.094162,0.0091224,3,-62,4.9548,923.25,3
672,542,1.2452,-0.094162,0.0091224,3,-62.5,0.84216,924.75,3
673,542.25,1.2452,-0.094162,0.0091224,3,-62.5,5.9196,921.75,3
674,543,1.1045,-0.036746,-0.047893,3,-63,6.254,921.25,3
675,543.25,1.1045,-0.036746,-0.047893,3,-63,3.7383,920.25,3
676,543.5,1.1045,-0.036746,-0.047893,3,-62,1.5217,923.75,3
677,544.25,1.3273,-0.12861,0.031928,3,-62,1.8346,923.25,3
678,544.5,1.3273,-0.12861,0.031928,3,-62.5,0.8667,924.75,3
679,544.75,1.3273,-0.12861,0.031928,3,-62.5,5.9503,921.75,3
680,546.25,1.2452,-0.094162,0.0091224,3,-62,5.6052,922.25,3
681,547,1.257,-0.094162,0.0091224,3,-62.5,5.935,921.75,3
682,547.5,1.257,-0.094162,0.0091224,3,-62,1.2425,924.25,3
683,547.75,1.257,-0.094162,0.0091224,3,-63,0.28072,920.75,3
684,548.75,1.1397,-0.036746,-0.03649,3,-62,2.4329,922.25,3
685,549,1.1397,-0.036746,-0.03649,3,-62,1.827,923.25,3
686,549.75,1.257,-0.10565,0.0091224,3,-62.5,5.9549,921.75,3
687,550.75,1.128,-0.036746,-0.047893,3,-63,0.49701,920.25,3
688,551,1.128,-0.036746,-0.047893,3,-62,2.4375,922.25,3
689,552,1.2452,-0.10565,0.020525,3,-62.5,0.8621,924.75,3
690,552.5,1.0459,0.0091865,-0.093505,3,-63.5,0.16107,925.75,3
691,553.25,1.1983,-0.071196,-0.0022806,3,-64,0.44485,920.25,3
692,554.75,0.99901,0.02067,-0.11631,2,-58.5,5.7463,925.75,3
693,555.75,1.0225,0.0091865,-0.070699,3,-62,1.5969,923.75,3
694,556,1.0225,0.0091865,-0.070699,3,-62.5,0.60132,925.25,3
695,556.5,1.0225,0.0091865,-0.070699,3,-62,5.0407,923.25,3
696,557,1.128,-0.025263,-0.03649,3,-62,1.1996,924.25,3
697,557.5,1.128,-0.025263,-0.03649,3,-63,0.18254,925.75,3
698,557.75,1.128,-0.025263,-0.03649,3,-62.5,6.2663,921.25,3
699,558.25,1.1983,-0.094162,-0.0022806,3,-61.5,1.603,923.75,3
700,558.75,1.1163,-0.036746,-0.047893,3,-62,2.1875,922.75,3
701,559.75,1.339,-0.11713,0.043332,2,-58.5,5.7448,925.75,3
702,560,1.339,-0.11713,0.043332,3,-63,0.27458,920.75,3
703,560.5,1.3859,-0.15158,0.054735,3,-61.5,1.6199,923.75,3
704,561.25,1.1983,-0.082679,-0.013684,3,-62,1.8914,923.25,3
705,561.75,1.1983,-0.082679,-0.013684,3,-62.5,0.8621,924.75,3
706,563.75,1.0342,-0.0022966,-0.093505,3,-62,4.9977,923.25,3
707,564.5,1.3039,-0.12861,0.031928,3,-62,1.2195,924.25,3
708,565.5,1.0225,0.02067,-0.10491,3,-62.5,5.6788,922.25,3
709,566.5,1.1163,-0.025263,-0.059296,3,-62.5,5.9074,921.75,3
710,567,1.1163,-0.025263,-0.059296,2,-58.5,5.7601,925.75,3
711,567.25,1.1163,-0.025263,-0.059296,3,-63,0.29913,920.75,3
712,567.75,0.97555,0.0091865,-0.12771,3,-63,3.7736,920.25,3
713,568.5,0.97555,0.02067,-0.10491,3,-62,4.9946,923.25,3
714,569.25,1.2218,-0.082679,0.020525,3,-62,1.2379,924.25,3
715,569.75,0.96383,0.02067,-0.10491,3,-63,0.013806,921.25,3
716,570,0.96383,0.02067,-0.10491,3,-63,3.7506,920.25,3
717,570.25,0.96383,0.02067,-0.10491,3,-62,1.5647,923.75,3
718,570.5,0.96383,0.02067,-0.10491,3,-62.5,5.6144,922.25,3
719,571,0.96383,0.02067,-0.10491,3,-62,1.8423,923.25,3
720,571.5,1.1163,-0.048229,-0.03649,3,-62.5,5.9426,921.75,3
721,571.75,1.1163,-0.048229,-0.03649,3,-62,1.2563,924.25,3
722,572,1.1163,-0.048229,-0.03649,3,-63,0.33441,920.75,3
723,572.5,1.0811,-0.025263,-0.070699,3,-63.5,0.58905,920.25,3
724,573.25,1.128,-0.036746,-0.03649,3,-62,1.8408,923.25,3
725,573.75,1.128,-0.036746,-0.03649,3,-62.5,0.90045,924.75,3
726,574,1.128,-0.036746,-0.03649,3,-62.5,5.9304,921.75,3
727,574.75,1.3156,-0.14009,0.043332,3,-63,6.2617,921.25,3
728,576.75,1.0694,-0.01378,-0.070699,3,-62.5,1.2502,924.25,3
729,577,1.0694,-0.01378,-0.070699,3,-63,0.26998,920.75,3
730,577.5,1.0811,-0.01378,-0.059296,3,-63,0.55377,920.25,3
731,578.5,1.1983,-0.082679,-0.013684,3,-62,5.3367,922.75,3
732,579,0.99901,0.02067,-0.10491,3,-62,1.2379,924.25,3
733,579.25,0.99901,0.02067,-0.10491,3,-63,0.28992,920.75,3
734,579.5,0.99901,0.02067,-0.10491,3,-63,6.2556,921.25,3
735,579.75,0.99901,0.02067,-0.10491,3,-63,0.5553,920.25,3
736,580.75,1.1514,-0.048229,-0.03649,3,-62,5.0207,923.25,3
737,581.25,1.0342,0.0091865,-0.093505,3,-62.5,5.981,921.75,3
738,583,1.3156,-0.12861,0.031928,3,-62,5.0023,923.25,3
739,583.25,1.3156,-0.12861,0.031928,3,-62,5.3459,922.75,3
740,583.75,1.1866,-0.082679,-0.013684,3,-62,1.2487,924.25,3
741,585,1.1514,-0.048229,-0.025087,3,-62,1.537,923.75,3
742,585.25,1.1514,-0.048229,-0.025087,3,-62.5,0.54303,925.25,3
743,585.75,1.0928,-0.01378,-0.059296,3,-62,5.3567,922.75,3
744,586.5,1.3273,-0.12861,0.043332,3,-63,0.19788,925.75,3
745,587.5,1.1397,-0.036746,-0.025087,3,-62.5,5.6082,922.25,3
746,588.5,1.3039,-0.11713,0.031928,3,-62.5,5.9657,921.75,3
747,589.25,1.1397,-0.059712,-0.025087,3,-63,6.2295,921.25,3
748,589.75,0.96383,0.02067,-0.12771,3,-62,1.5539,923.75,3
749,590.25,0.96383,0.02067,-0.12771,3,-63,0.5507,925.25,3
750,590.75,1.0107,0.02067,-0.10491,3,-62.5,0.91579,924.75,3
751,591.5,1.0928,-0.01378,-0.059296,2,-58.5,5.7494,925.75,3
752,591.6,1.0928,-0.01378,-0.059296,3,-63.5,0.25004,920.75,3
753,591.75,1.0928,-0.01378,-0.059296,3,-63,6.228,921.25,3
754,592,1.0928,-0.01378,-0.059296,3,-63,0.52769,920.25,3
755,592.75,1.2335,-0.082679,0.0091224,3,-62,5.0315,923.25,3
756,593.5,1.2218,-0.094162,-0.0022806,3,-62.5,5.9472,921.75,3
757,593.75,1.2218,-0.094162,-0.0022806,3,-62,1.2272,924.25,3
758,594.25,1.0576,-0.0022966,-0.070699,3,-63,6.2188,921.25,3
759,594.5,1.0576,-0.0022966,-0.070699,3,-63,0.5553,920.25,3
760,595.5,1.3039,-0.11713,0.031928,3,-62,2.2304,922.75,3
761,595.75,1.3039,-0.11713,0.031928,3,-62.5,0.92806,924.75,3
762,596,1.3039,-0.11713,0.031928,3,-63,5.9503,921.75,3
763,596.5,1.1397,-0.048229,-0.047893,3,-63,6.2203,921.25,3
764,598.5,1.1514,-0.048229,-0.025087,3,-62.5,1.2134,924.25,3
765,599,1.1514,-0.048229,-0.025087,3,-63,0.25617,920.75,3
766,599.5,1.3625,-0.12861,0.054735,3,-62,1.5723,923.75,3
767,600.75,1.2452,-0.094162,0.0091224,3,-62.5,5.9227,921.75,3
768,601,1.2452,-0.094162,0.0091224,3,-63,0.1626,925.75,3
769,601.75,1.2804,-0.11713,0.020525,3,-63.5,0.57217,920.25,3
770,602,1.2804,-0.11713,0.020525,3,-62,1.5815,923.75,3
771,602.25,1.2804,-0.11713,0.020525,3,-62.5,0.56604,925.25,3
772,603.5,1.1163,-0.01378,-0.059296,3,-62.5,1.1934,924.25,3
773,603.75,1.1163,-0.01378,-0.059296,3,-63,0.25004,920.75,3
774,604.25,1.3156,-0.12861,0.031928,3,-63,3.746,920.25,3
775,604.5,1.3156,-0.12861,0.031928,3,-62.5,5.6619,922.25,3
776,604.75,1.3156,-0.12861,0.031928,3,-62.5,0.55377,925.25,3
777,605.5,1.0694,-0.01378,-0.082102,3,-62.5,5.9058,921.75,3
778,606,1.0694,-0.01378,-0.082102,3,-63,0.1672,925.75,3
779,606.75,1.0107,0.02067,-0.093505,3,-62,1.5769,923.75,3
780,607,1.0107,0.02067,-0.093505,3,-62.5,5.6435,922.25,3
781,607.75,1.1163,-0.025263,-0.03649,3,-62,2.1184,922.75,3
782,608,1.1163,-0.025263,-0.03649,3,-63,5.8598,921.75,3
783,608.5,1.1163,-0.025263,-0.03649,2,-58.5,5.7386,925.75,3
784,609,1.3625,-0.12861,0.054735,3,-62.5,3.3671,921.25,3
785,609.08,1.3625,-0.12861,0.054735,3,-62.5,3.907,920.25,3
786,610,1.339,-0.15158,0.043332,3,-62,5.3981,922.75,3
787,610.5,1.2335,-0.11713,-0.0022806,3,-62.5,6.0914,921.75,3
788,611.75,1.0694,-0.0022966,-0.070699,3,-62,1.6276,923.75,3
789,612.5,1.0928,-0.036746,-0.059296,3,-62,5.438,922.75,3
790,612.75,1.0928,-0.036746,-0.059296,3,-62.5,1.0247,924.75,3
791,613.25,1.0928,-0.036746,-0.059296,3,-62,1.3346,924.25,3
792,613.75,1.1397,-0.036746,-0.03649,3,-62.5,0.029146,921.25,3
793,614,1.1397,-0.036746,-0.03649,3,-63,3.7813,920.25,3
794,614.25,1.1397,-0.036746,-0.03649,3,-62,4.7339,923.75,3
795,614.5,1.1397,-0.036746,-0.03649,3,-62.5,0.62433,925.25,3
796,615.5,0.97555,0.02067,-0.11631,3,-62.5,1.3085,924.25,3
797,616,0.97555,0.02067,-0.11631,3,-62.5,3.5205,920.75,3
798,616.5,1.0225,0.032153,-0.10491,3,-62,1.6168,923.75,3
799,618.25,1.0928,-0.025263,-0.059296,3,-62.5,0.36509,920.75,3
800,618.5,1.0928,-0.025263,-0.059296,3,-62.5,0.044485,921.25,3
801,619,1.1045,-0.01378,-0.059296,3,-62,1.6506,923.75,3
802,620.25,1.1514,-0.048229,-0.03649,3,-62.5,6.0393,921.75,3
803,620.5,1.1514,-0.048229,-0.03649,3,-63,0.24697,925.75,3
804,620.75,1.1514,-0.048229,-0.03649,3,-62.5,0.37276,920.75,3
805,621.5,1.2921,-0.10565,0.031928,3,-62,4.7615,923.75,3
806,621.75,1.2921,-0.10565,0.031928,3,-62,5.7831,922.25,3
807,622,1.2921,-0.10565,0.031928,3,-61.5,1.985,923.25,3
808,622.5,1.0694,-0.0022966,-0.082102,3,-62.5,6.0485,921.75,3
809,622.75,1.0694,-0.0022966,-0.082102,3,-62,1.3039,924.25,3
810,623.75,1.1514,-0.059712,-0.025087,3,-61.5,1.6674,923.75,3
811,625,1.1163,-0.025263,-0.059296,3,-62,0.97254,924.75,3
812,625.25,1.1163,-0.025263,-0.059296,3,-62,1.3284,924.25,3
813,625.75,1.1163,-0.025263,-0.059296,3,-62.5,3.6033,920.75,3
814,626.25,1.1866,-0.071196,-0.025087,3,-62.5,4.8274,923.75,3
815,627.75,1.0107,0.032153,-0.10491,3,-62,1.2686,924.25,3
816,628,1.0107,0.032153,-0.10491,3,-62,0.37736,920.75,3
817,628.5,1.0107,0.02067,-0.093505,3,-62,3.8595,920.25,3
818,628.75,1.0107,0.02067,-0.093505,3,-62,4.7507,923.75,3
819,629.5,1.1983,-0.071196,-0.0022806,3,-61.5,5.3551,922.75,3
820,630.25,1.339,-0.14009,0.043332,3,-62,1.2548,924.25,3
821,630.5,1.339,-0.14009,0.043332,3,-62,0.35282,920.75,3
822,631.5,1.2335,-0.094162,0.020525,3,-62,5.6665,922.25,3
823,632.25,1.1163,-0.036746,-0.03649,3,-62,5.9626,921.75,3
824,633.5,1.0576,-0.0022966,-0.082102,3,-62,0.67188,920.25,3
825,634,1.3625,-0.14009,0.043332,3,-62.5,0.56144,925.25,3
826,634.25,1.3625,-0.14009,0.043332,3,-62,5.033,923.25,3
827,634.5,1.3625,-0.14009,0.043332,3,-61.5,2.1967,922.75,3
828,636,1.0694,-0.0022966,-0.070699,3,-61.5,1.5923,923.75,3
829,636.75,1.1163,-0.025263,-0.047893,3,-61.5,5.0299,923.25,3
830,638,1.3156,-0.14009,0.043332,3,-62,0.37583,920.75,3
831,638.1,1.3156,-0.14009,0.043332,3,-62.5,0.0092039,921.25,3
832,638.75,1.0107,0.02067,-0.10491,3,-61.5,2.5142,922.25,3
833,640,0.99901,0.0091865,-0.11631,3,-61.5,1.2931,924.25,3
834,640.75,1.2101,-0.082679,-0.013684,3,-62,3.7813,920.25,3
835,641.25,1.2101,-0.082679,-0.013684,3,-61.5,5.6665,922.25,3
836,642,1.2452,-0.10565,0.0091224,3,-62,6.0362,921.75,3
837,642.5,1.2452,-0.10565,0.0091224,3,-62.5,0.24697,925.75,3
838,643.5,1.1163,-0.036746,-0.03649,3,-61.5,1.5616,923.75,3
839,643.58,1.1163,-0.036746,-0.03649,3,-61.5,5.6558,922.25,3
840,644,1.1163,-0.036746,-0.03649,3,-61.5,1.9113,923.25,3
841,644.75,1.1514,-0.048229,-0.03649,3,-61.5,1.2701,924.25,3
842,645.5,0.97555,0.032153,-0.093505,3,-62.5,0.6228,920.25,3
843,645.75,0.97555,0.032153,-0.093505,3,-61.5,5.6497,922.25,3
844,646.5,1.128,-0.036746,-0.025087,3,-61.5,1.9159,923.25,3
845,646.75,1.128,-0.036746,-0.025087,3,-62,0.95107,924.75,3
846,647.25,1.0576,-0.0022966,-0.082102,3,-61.5,1.2993,924.25,3
847,647.5,1.0576,-0.0022966,-0.082102,3,-62,0.31447,920.75,3
848,648.25,1.1397,-0.036746,-0.025087,3,-61.5,1.5616,923.75,3
849,648.75,1.1045,-0.01378,-0.047893,3,-62,0.59825,925.25,3
850,649.25,0.98728,0.032153,-0.10491,3,-62,5.9887,921.75,3
851,649.5,0.98728,0.032153,-0.10491,3,-61.5,1.2456,924.25,3
852,650.75,1.0811,-0.01378,-0.047893,3,-61.5,1.5892,923.75,3
853,651.75,1.1397,-0.048229,-0.03649,3,-62,0.9388,924.75,3
854,652.5,1.1749,-0.059712,-0.013684,3,-62,0.003068,921.25,3
855,652.75,1.1749,-0.059712,-0.013684,3,-62,3.746,920.25,3
856,653,1.1749,-0.059712,-0.013684,3,-61.5,1.5739,923.75,3
857,653.5,1.2335,-0.094162,0.0091224,3,-61,1.9083,923.25,3
858,653.75,1.2335,-0.094162,0.0091224,3,-61.5,5.3919,922.75,3
859,654.25,1.2335,-0.094162,0.0091224,3,-62,0.948,924.75,3
860,654.5,1.2335,-0.094162,0.0091224,3,-61.5,1.2625,924.25,3
861,654.75,1.2335,-0.094162,0.0091224,3,-62,0.30986,920.75,3
862,655.25,1.0811,-0.025263,-0.047893,3,-62,0.61052,920.25,3
863,656.5,1.1045,-0.025263,-0.047893,3,-62,0.95107,924.75,3
864,657.25,1.0342,0.032153,-0.093505,3,-62.5,0.22089,925.75,3
865,657.33,1.0342,0.032153,-0.093505,3,-62,0.3068,920.75,3
866,657.5,1.0342,0.032153,-0.093505,3,-62.5,6.254,921.25,3
867,659.5,0.97555,0.02067,-0.11631,3,-62.5,0.2255,925.75,3
868,659.75,0.97555,0.02067,-0.11631,3,-62,0.30986,920.75,3
869,660,0.97555,0.02067,-0.11631,3,-62.5,6.2663,921.25,3
870,660.5,1.0342,0.032153,-0.093505,3,-61.5,1.5969,923.75,3
871,662.5,0.98728,0.032153,-0.10491,3,-62,6.277,921.25,3
872,663.25,1.0225,0.032153,-0.10491,3,-62,0.58445,925.25,3
873,664.25,1.0928,-0.01378,-0.059296,3,-61.5,1.2686,924.25,3
874,664.5,1.0928,-0.01378,-0.059296,3,-62,0.30986,920.75,3
875,664.75,1.0928,-0.01378,-0.059296,3,-62,6.2663,921.25,3
876,665.25,1.1045,-0.01378,-0.059296,2,-54.5,1.534,922.25,3
877,665.5,1.1045,-0.01378,-0.059296,3,-62,5.6435,922.25,3
878,665.75,1.1045,-0.01378,-0.059296,3,-61.5,1.896,923.25,3
879,666,1.1045,-0.01378,-0.059296,3,-61.5,2.2381,922.75,3
880,666.25,1.1045,-0.01378,-0.059296,3,-62,0.94647,924.75,3
881,667,1.1045,-0.036746,-0.047893,3,-62,0.35282,920.75,3
882,667.5,1.1045,-0.025263,-0.047893,3,-62,0.59365,920.25,3
883,668,1.1514,-0.048229,-0.047893,2,-57.5,6.119,925.25,3
884,668.25,1.1514,-0.048229,-0.047893,3,-61.5,1.8929,923.25,3
885,669.25,1.128,-0.036746,-0.047893,3,-62.5,0.27151,925.75,3
886,670,1.0107,0.0091865,-0.10491,3,-62,3.8626,920.25,3
887,670.5,1.0342,0.0091865,-0.070699,3,-62,0.62126,925.25,3
888,670.75,1.0342,0.0091865,-0.070699,3,-61.5,5.3797,922.75,3
889,671.25,1.128,-0.048229,-0.047893,3,-62,5.9657,921.75,3
890,671.75,1.128,-0.048229,-0.047893,3,-62.5,0.21476,925.75,3
891,672,1.128,-0.048229,-0.047893,3,-62,0.33748,920.75,3
892,672.5,1.2804,-0.11713,0.020525,3,-61,1.6306,923.75,3
893,672.75,1.2804,-0.11713,0.020525,3,-61.5,5.7448,922.25,3
894,674.25,1.1632,-0.082679,-0.013684,3,-62.5,0.32981,920.75,3
895,675,0.96383,0.02067,-0.11631,3,-61.5,1.6475,923.75,3
896,676,1.0694,-0.01378,-0.070699,3,-62,6.0025,921.75,3
897,676.5,1.0694,-0.01378,-0.070699,3,-61.5,1.2839,924.25,3
898,677.5,1.1163,-0.025263,-0.059296,3,-61.5,1.6352,923.75,3
899,678.5,1.0694,-0.01378,-0.070699,3,-62,6.0331,921.75,3
900,679.25,1.3156,-0.12861,0.031928,3,-62,3.4975,920.75,3
901,679.75,1.1397,-0.048229,-0.047893,3,-61.5,1.6168,923.75,3
902,680,1.1397,-0.048229,-0.047893,3,-61.5,5.7187,922.25,3
903,680.5,1.2101,-0.094162,-0.013684,3,-61.5,5.4334,922.75,3
904,680.75,1.2101,-0.094162,-0.013684,3,-62,1.0216,924.75,3
905,681.5,1.0928,-0.025263,-0.059296,3,-62.5,0.29606,925.75,3
906,681.75,1.0928,-0.025263,-0.059296,3,-62,0.067495,921.25,3
907,682.25,1.0928,-0.036746,-0.059296,3,-61.5,1.5999,923.75,3
908,683,1.1749,-0.048229,-0.013684,3,-61.5,5.033,923.25,3
909,683.25,1.1749,-0.048229,-0.013684,3,-62,0.94953,924.75,3
910,684,0.97555,0.032153,-0.10491,3,-62,0.42645,920.75,3
911,684.25,0.97555,0.032153,-0.10491,3,-62.5,0.13192,921.25,3
912,684.75,1.3273,-0.12861,0.020525,3,-58.5,1.4603,923.75,3
913,685,1.0576,-0.0022966,-0.070699,3,-61.5,5.7125,922.25,3
914,685.75,1.257,-0.11713,0.031928,3,-61.5,1.2579,924.75,3
915,686,1.257,-0.11713,0.031928,3,-62.5,0.24237,921.75,3
916,686.5,0.94038,-0.01378,-0.082102,3,-64,4.1939,920.75,3
917,687,0.94038,-0.0022966,-0.10491,2,-53,0.30219,920.25,3
918,687.1,0.94038,-0.0022966,-0.10491,3,-61.5,1.9604,923.75,3
919,687.25,0.94038,-0.0022966,-0.10491,3,-62,1.9297,923.75,3
920,687.75,0.9521,0.0091865,-0.10491,2,-52,1.3422,923.25,3
921,687.83,0.9521,0.0091865,-0.10491,3,-62,5.3843,923.25,3
922,688,0.92865,-0.01378,-0.10491,3,-60,2.7443,922.75,3
923,688.25,0.92865,-0.01378,-0.10491,3,-59.5,1.3668,924.75,3
924,688.35,0.92865,-0.01378,-0.10491,3,-60.5,3.6386,921.75,3
925,689.25,1.2804,-0.059712,0.020525,3,-56.5,1.7457,921.25,3
926,689.33,1.2804,-0.059712,0.020525,3,-57.5,0.14113,920.25,3
927,689.5,0.68242,0.43406,-0.66366,2,-51.5,0.16874,923.75,1
928,690.5,0.9052,0.36516,-0.54963,1,-70,4.2092,922.75,1
929,704.5,0.025796,0.85894,0.19157,1,-59.5,0.58291,925.25,4
930,709,0.96383,0.69818,0.21438,1,-60.5,5.7938,920.25,2
931,711.5,0.96383,0.69818,0.21438,1,-60.5,6.1804,923.75,2
932,717.25,0.7645,0.77856,0.12315,1,-59.5,0.80227,922.75,2
933,718.75,0.7645,0.77856,0.12315,1,-59,5.5269,920.25,2
934,720,0.7645,0.77856,0.12315,1,-58.5,1.3085,921.75,2
935,721.5,0.7645,0.77856,0.12315,1,-59.5,4.0789,922.25,2
936,739.25,0.68242,0.84746,0.088944,1,-61,2.4007,924.75,2
937,749,0.7176,0.80152,0.13456,1,-60.5,5.7018,924.75,2
938,750,0.7176,0.80152,0.13456,1,-57.5,1.4803,921.25,2
939,753,0.74105,0.80152,0.11175,1,-58.5,0.82682,922.25,2
940,764,0.34238,0.98526,0.077541,3,-59.5,5.4809,924.25,4
941,764.25,0.34238,0.98526,0.077541,3,-58.5,5.0407,925.75,4
942,765.5,0.41273,0.88191,0.27139,3,-58,4.7661,925.25,4
943,769.25,0.060972,0.97377,-0.4584,3,-59.5,0.65348,920.75,1
944,769.5,0.060972,0.97377,-0.4584,3,-61.5,5.8153,921.25,1
945,769.75,0.060972,0.97377,-0.4584,3,-60,1.06,920.25,1
946,770.25,0.52999,0.60631,-0.64085,3,-60.5,4.8857,922.25,1
947,771,0.7645,0.21588,-0.76628,3,-59.5,0.36355,924.75,3
948,771.5,1.0576,0.10105,-0.40139,3,-60,1.7763,924.25,3
949,771.75,1.0576,0.10105,-0.40139,3,-59.5,0.34668,920.75,3
950,772,1.128,-0.048229,-0.13912,3,-59.5,5.7095,921.25,3
951,772.25,1.128,-0.048229,-0.13912,3,-59.5,6.2034,920.25,3
952,772.75,1.3273,-0.11713,-0.13912,2,-59,0.2347,925.25,3
953,773.5,1.3273,-0.11713,-0.13912,3,-65,1.1842,924.75,3
954,774,1.3273,-0.11713,-0.13912,2,-58.5,0.53076,925.75,3
955,774.25,1.3273,-0.11713,-0.13912,3,-61.5,0.3835,920.75,3
956,774.75,1.2101,-0.048229,-0.059296,3,-60.5,0.67955,920.25,3
957,775.25,1.0694,-0.01378,-0.12771,3,-62.5,0.70256,925.25,3
958,775.5,1.0694,-0.01378,-0.12771,3,-61,1.9405,923.25,3
959,775.75,1.0694,-0.01378,-0.12771,3,-61.5,1.0554,924.75,3
960,776,1.0694,-0.01378,-0.12771,3,-59,5.8261,921.75,3
961,776.25,1.0694,-0.01378,-0.12771,3,-61,1.0216,924.25,3
962,777,1.1397,-0.14009,-0.082102,3,-62.5,0.30219,921.25,3
963,777.08,1.1397,-0.14009,-0.082102,3,-62,0.58905,920.25,3
964,778,1.1163,-0.036746,-0.093505,3,-64,2.146,922.75,3
965,778.75,1.1983,-0.082679,-0.03649,2,-59,6.0608,925.75,3
966,779.5,0.99901,0.043636,-0.12771,2,-54,5.7294,920.25,3
967,780,1.1397,-0.036746,-0.059296,3,-66,0.65961,925.25,3
968,780.75,1.3977,-0.15158,0.054735,3,-65,5.8567,921.75,3
969,781.75,1.2335,-0.094162,-0.013684,3,-65,6.1467,921.25,3
970,782.5,1.257,-0.082679,-0.0022806,3,-65,2.4083,922.25,3
971,782.75,1.257,-0.082679,-0.0022806,3,-65,1.8254,923.25,3
972,783.5,0.9521,0.055119,-0.12771,3,-65.5,1.2931,924.25,3
973,784.5,1.0107,0.032153,-0.12771,3,-65,1.557,923.75,3
974,785,1.0107,0.032153,-0.12771,3,-66.5,0.62126,925.25,3
975,785.5,1.0107,0.032153,-0.12771,3,-65,2.0525,922.75,3
976,786,1.0576,0.0091865,-0.093505,2,-58.5,6.0255,925.75,3
977,786.25,1.0576,0.0091865,-0.093505,3,-65,0.10278,920.75,3
978,786.75,1.2335,-0.10565,-0.013684,3,-64.5,3.5665,920.25,3
979,788.25,1.3742,-0.15158,0.043332,3,-60.5,5.8261,921.75,3
980,788.5,1.3742,-0.15158,0.043332,2,-58.5,6.0577,925.75,3
981,789.5,0.9521,-0.01378,-0.19613,3,-62.5,5.7908,922.25,3
982,789.75,0.9521,-0.01378,-0.19613,2,-58.5,6.228,925.25,3
983,790,0.9521,-0.01378,-0.19613,3,-62,2.0939,923.25,3
984,790.75,1.3039,-0.15158,-0.03649,3,-62,1.5033,924.25,3
985,791.5,0.96383,-0.0022966,-0.18473,3,-62.5,0.2393,921.25,3
986,791.75,0.96383,-0.0022966,-0.18473,3,-62.5,4.9133,923.75,3
987,793,1.1866,-0.094162,-0.082102,3,-62,1.1766,924.75,3
988,793.25,1.1866,-0.094162,-0.082102,3,-62,1.4956,924.25,3
989,793.75,1.1045,-0.059712,-0.11631,3,-62,0.25157,921.25,3
990,794,1.1045,-0.059712,-0.11631,3,-62.5,4.0114,920.25,3
991,794.25,1.1045,-0.059712,-0.11631,3,-61.5,1.8178,923.75,3
992,794.5,1.1045,-0.059712,-0.11631,3,-62.5,5.8705,922.25,3
993,795.25,1.2218,-0.12861,-0.070699,3,-61.5,5.5929,922.75,3
994,795.78,1.1045,-0.071196,-0.13912,2,-58.5,6.0178,925.75,3
995,797,1.0107,-0.0022966,-0.17333,3,-62,2.7305,922.25,3
996,797.25,1.0107,-0.0022966,-0.17333,3,-61.5,2.1,923.25,3
997,797.75,1.0576,-0.036746,-0.15052,3,-62,1.1674,924.75,3
998,798.25,1.0576,-0.036746,-0.15052,3,-62,1.5094,924.25,3
999,798.75,1.3508,-0.18603,-0.025087,3,-62.5,0.27151,921.25,3
1000,799,1.3508,-0.18603,-0.025087,3,-62.5,4.0497,920.25,3
1001,799.75,1.1866,-0.10565,-0.082102,3,-62,2.1338,923.25,3
1002,800.25,1.1866,-0.10565,-0.082102,3,-62,1.198,924.75,3
1003,800.75,1.2218,-0.12861,-0.070699,3,-63,0.50161,925.75,3
1004,801.75,1.0928,-0.071196,-0.11631,3,-62,2.7903,922.25,3
1005,802.25,1.0928,-0.071196,-0.11631,3,-62,5.2462,923.25,3
1006,802.5,1.0928,-0.071196,-0.11631,3,-62,2.4452,922.75,3
1007,803,1.0811,-0.036746,-0.12771,3,-62.5,4.6019,924.25,3
1008,803.75,0.97555,-0.0022966,-0.16192,3,-62.5,0.31907,921.25,3
1009,804,0.97555,-0.0022966,-0.16192,3,-62.5,0.93266,920.25,3
1010,804.75,1.3508,-0.17454,-0.025087,3,-62,5.3014,923.25,3
1011,805.25,1.3508,-0.17454,-0.025087,3,-62.5,6.2632,921.75,3
1012,806.25,1.0107,-0.0022966,-0.16192,3,-63,0.90505,920.25,3
1013,806.75,1.128,-0.082679,-0.10491,3,-62.5,0.80994,925.25,3
1014,807,1.128,-0.082679,-0.10491,3,-61.5,5.2662,923.25,3
1015,807.75,1.0928,-0.071196,-0.10491,3,-62,6.2387,921.75,3
1016,808,1.0928,-0.071196,-0.10491,3,-63,0.49394,925.75,3
1017,808.25,1.0928,-0.071196,-0.10491,3,-62.5,0.60132,920.75,3
1018,809.25,1.3742,-0.18603,-0.013684,3,-62.5,0.81148,925.25,3
1019,810.25,1.3625,-0.17454,-0.013684,3,-62,3.1247,921.75,3
1020,810.5,1.3625,-0.17454,-0.013684,3,-63,0.49241,925.75,3
1021,811,1.0576,-0.036746,-0.12771,3,-62.5,0.27151,921.25,3
1022,811.5,1.0459,-0.025263,-0.15052,3,-62,5.8997,922.25,3
1023,812,1.0459,-0.025263,-0.15052,3,-62,5.2508,923.25,3
1024,813,1.1632,-0.10565,-0.082102,3,-63,0.48167,925.75,3
1025,813.5,0.96383,-0.0022966,-0.17333,3,-62.5,0.27918,921.25,3
1026,813.58,0.96383,-0.0022966,-0.17333,3,-62.5,4.0497,920.25,3
1027,815.5,1.0928,-0.059712,-0.11631,3,-63,0.54303,925.75,3
1028,815.75,1.0928,-0.059712,-0.11631,2,-55,5.349,921.25,3
1029,816.25,0.97555,-0.0022966,-0.18473,3,-62.5,5.0054,923.75,3
1030,817,1.2452,-0.14009,-0.047893,3,-62.5,5.6589,922.75,3
1031,817.5,1.2452,-0.14009,-0.047893,3,-62.5,6.2663,921.75,3
1032,818.25,1.0459,-0.025263,-0.13912,3,-62.5,4.019,920.25,3
1033,818.5,1.0459,-0.025263,-0.13912,3,-61.5,1.807,923.75,3
1034,819.25,1.2101,-0.11713,-0.059296,3,-61.5,2.1154,923.25,3
1035,820.25,1.1749,-0.11713,-0.082102,3,-63,0.49087,925.75,3
1036,821.75,1.1514,-0.094162,-0.093505,3,-62,2.1138,923.25,3
1037,822,1.1514,-0.094162,-0.093505,3,-62,1.1643,924.75,3
1038,823,0.99901,-0.0022966,-0.16192,3,-62.5,0.25157,921.25,3
1039,823.25,0.99901,-0.0022966,-0.16192,3,-62.5,0.89278,920.25,3
1040,824,1.3039,-0.15158,-0.013684,3,-62,5.2309,923.25,3
1041,824.75,1.2804,-0.15158,-0.03649,3,-62.5,6.2586,921.75,3
1042,825,1.2804,-0.15158,-0.03649,3,-62,1.5033,924.25,3
1043,825.25,1.2804,-0.15158,-0.03649,3,-62.5,0.59825,920.75,3
1044,825.75,0.96383,-0.01378,-0.17333,3,-62.5,4.0344,920.25,3
1045,826,0.96383,-0.01378,-0.17333,3,-62,2.752,922.25,3
1046,826.5,0.96383,-0.01378,-0.17333,3,-62.5,0.80381,925.25,3
1047,826.75,1.1163,-0.082679,-0.11631,3,-62,1.1259,924.75,3
1048,827.5,1.1866,-0.094162,-0.082102,2,-58.5,5.9595,925.75,3
1049,827.75,1.1866,-0.094162,-0.082102,3,-62.5,3.723,920.75,3
1050,828,1.1866,-0.094162,-0.082102,3,-62.5,0.25617,921.25,3
1051,828.25,1.1866,-0.094162,-0.082102,3,-62.5,4.0282,920.25,3
1052,829,1.1514,-0.082679,-0.093505,3,-62,2.1062,923.25,3
1053,829.5,1.2335,-0.11713,-0.059296,3,-63,6.2433,921.75,3
1054,830,1.2335,-0.11713,-0.059296,3,-63,0.44639,925.75,3
1055,831.5,1.1632,-0.10565,-0.082102,3,-62,5.2431,923.25,3
1056,832,1.1749,-0.11713,-0.070699,3,-62.5,6.1651,921.75,3
1057,832.25,1.1749,-0.11713,-0.070699,2,-58.5,5.9288,925.75,3
1058,832.75,1.0928,-0.048229,-0.11631,3,-62.5,0.2393,921.25,3
1059,833.25,1.0928,-0.048229,-0.11631,3,-62,1.7978,923.75,3
1060,833.75,1.1045,-0.059712,-0.093505,3,-62.5,0.82988,925.25,3
1061,834.75,1.0928,-0.071196,-0.11631,2,-58.5,5.9288,925.75,3
1062,835.75,0.9521,-0.01378,-0.17333,3,-62,5.8583,922.25,3
1063,837.5,1.1163,-0.094162,-0.10491,3,-63,0.55377,920.75,3
1064,838,1.0107,-0.01378,-0.17333,3,-62,1.7794,923.75,3
1065,838.75,1.2335,-0.14009,-0.047893,3,-62,2.0632,923.25,3
1066,839.5,1.1514,-0.082679,-0.082102,3,-62,1.4711,924.25,3
1067,840,1.1514,-0.082679,-0.082102,3,-62.5,3.6877,920.75,3
1068,840.25,1.1514,-0.082679,-0.082102,3,-62.5,0.22089,921.25,3
1069,840.75,0.96383,-0.025263,-0.18473,3,-62,1.7702,923.75,3
1070,840.83,0.96383,-0.025263,-0.18473,3,-62.5,0.76392,925.25,3
1071,841.25,0.96383,-0.025263,-0.18473,3,-62,2.0663,923.25,3
1072,841.75,1.1983,-0.10565,-0.059296,3,-62.5,6.1881,921.75,3
1073,842,1.1983,-0.10565,-0.059296,3,-63,0.44025,925.75,3
1074,842.75,0.97555,-0.01378,-0.16192,3,-62.5,0.25464,921.25,3
1075,844,1.1045,-0.048229,-0.10491,3,-63,6.1267,921.75,3
1076,844.5,1.1045,-0.048229,-0.10491,3,-62,1.4419,924.25,3
1077,845.25,0.99901,-0.0022966,-0.15052,2,-54,6.0178,920.25,3
1078,845.5,1.1397,-0.094162,-0.093505,3,-62,4.9364,923.75,3
1079,846,1.1397,-0.094162,-0.093505,3,-62,2.1246,923.25,3
1080,847,1.0459,-0.036746,-0.13912,3,-63,0.42491,925.75,3
1081,847.75,1.0459,-0.0022966,-0.15052,3,-62.5,3.9807,920.25,3
1082,848,1.0459,-0.0022966,-0.15052,3,-62,1.761,923.75,3
1083,848.5,1.2921,-0.15158,-0.03649,3,-62,2.1261,923.25,3
1084,849.5,1.0928,0.12402,-0.12771,3,-59,5.3183,925.75,3
1085,849.6,1.0928,0.12402,-0.12771,2,-50,5.8552,920.75,3
1086,849.75,0.8583,0.28478,-0.38998,2,-49.5,0.25311,921.25,3
1087,850,0.79967,0.33072,-0.447,2,-49,1.0769,921.25,3
1088,850.5,0.74105,0.57186,-0.57243,3,-62.5,5.3567,922.25,1
1089,853,0.57689,0.88191,0.020525,1,-67.5,5.0023,922.25,1
1090,861.25,0.57689,0.88191,0.020525,1,-59.5,1.4834,924.75,4
1091,864,-0.091458,1.0312,0.25999,1,-58.5,0.97715,925.75,4
1092,867.5,0.50654,0.92784,0.077541,1,-60.5,1.9788,922.25,2
1093,869.25,0.50654,0.92784,0.077541,1,-59,4.9701,920.75,2
1094,906.25,0.58862,0.90487,0.10035,1,-59.5,2.1307,920.25,2
1095,925.5,0.58862,0.90487,0.10035,1,-59,1.4021,920.25,2
1096,933.25,0.68242,0.82449,0.066138,1,-60,0.10124,922.25,2
1097,938.25,0.88175,0.75559,0.14596,1,-64,4.8581,925.25,2
1098,950,0.83485,0.77856,0.12315,1,-62.5,2.2534,923.75,2
1099,959.5,0.83485,0.77856,0.12315,1,-60,1.4097,920.25,2
1100,964.5,0.83485,0.77856,0.12315,1,-59.5,1.3438,920.25,2
1101,981.75,0.78795,0.79004,0.088944,1,-60,1.2195,920.25,2
